rand_1,rand_2,rand_3,rand_4,rand_5,rand_6,rand_7,rand_8,rand_9,rand_10
7VUJ3PJIZADZ61JB2D16SQ5DV078UVB161YASFPXF4MADT8D05CX2YN93VJ1Z0P7KPD1N2VL1AIULJYA8BOFMLHO3FA6YQS6RIR7Q7Y616GF6LHJHKEFN0STBT9MJA441SBIG1OCS23C1XUIJOKXUDWSP5OW7EMJGKHX8RNHPUYVVR80IDVR7X7X4GZ4ABSZOEC3P881YL20MQ1WPW4G81ZOU4GC4L3959AXQ0MX320YFEKS42R5ZOOBYJU8IVMUAHQCH07RCCV2704O1EB0D2RZATZ9P8SHKGTUKX8A9QXRIVE2ZDZV6F32PDVLN5EZ2QZFNZMY5O4RK180PTJYSU26M2BMKI93PCVQXN607RUA7W3XORHKIE6DLRDOR035ECY9RUHF2YRARWK0,DO905KNDGPYF8SJ7QHVZ5WRM3C2XJ9J7UBPPH0LVS2UWT4LAHA4TDVWGOS23ZOXW6L5SXNJORZH4P9YY9IHC5191ZMSQWAHI0BDFQRQKOAR56LEURO3XGNN9JMDMU2PB3ZV6E0PQ2FTYOY8YTB07706L414O91SY99IUJ20TTWAV1J59SWTDF97QILG99AVE6IDCP8NX34J4L7EG28GCXGZLYJQ0N6UOQFDSGYAGJ32PWG55PPQMGPVKML7XFGRPCYX2FYULYHJSF7V77WD7XYPDVEGKU7EHMU3I3R7Z0DATTIV99FUEVLWT8XJXM77CR96VGEA7R4151QOT28TCA1E205PWIPXTX2Q2T245FKUZJJLPAYZVKDEVIFV1OV1Q06PBM8KD9VIHMYS8,FUDV2TAWP0V5437BE71VO02PAT5B31FI0CO1GVJWVVTW8Z9VZG9UBNWD0IMWY863XOM5MUZPCKLNP93ONIHPO9FZFCA4VY9Z0EUESJRCTMIHGAHMJZALY3MUZCLY5SPB7W0WJO6NMG21GZQEVVWX2SITI3V744T9SCLITCL547KKGT28DEX8EMXD5NJIUJ2VVHWM90G5HDHNK4Z708NU7ARKPVMAPCEVX9XFTPV7ADVP6L6600D67HBDCZMJGKT3LMIXGIJ0XTNUD3HF7N3B9RJQMB7W514H09YBLFO6SI43SI2X22T55PAOOMDJRQD3A49FIDQRG6QE7F13ISP2J7YSB1OU3TSNTC3R9IQD21CQ0X2J0LOUV5H0X8UNMU6PGUUI882SF8MQRTT1,CJU0260GFNF5ANSH3PWYE2A9ZW6EFF7D1VU95C30GXBFWY8PTAAYPZ6BPJUJFF4Q788Y7VPWHYGIRUFQPJ92ZQELGYQJAZ9LDN6XC06B1QQF1SDAAPYX8ROQJTHCGVZ465NVYN1SFFCG21KCTK42MSMJM3LHNQ0CI2TOFJ7A4T4LL1YL4ISHSQJ50M4XM79E5QDGW9ROASXEAVJ05FOD1UGVEMCWJBWNO605UOBQX571R3X6FUIHU2PL3TKNPX7YM5TOLYO1EMNWI82HTAIW2189W5IVKLP9VXTLKLUEICZ3LOHGUXW57P9UWFRZZZV9BP7H1SLKZAUZBKOGTML8X79SJSNJ2M7G7D3HN7PQU1PR17RVTKBOQXV0N4O6SWDR3XQZS4OJ6GJAXQFK,85JNVGM18E9NX9ZXBWN2LDYE2KXR6GCPIJ7YW26EA2O0MVT40IUKGGV8Q8FY7TZR06HE6BQQ2NIV6VTN38XAJ2K0LHPHKT3HK92IUCQJ3UWRYP8W74TLCT4OBMSR9TDRJ7FIM655VAF811ACM26HUUL4UUAW8V35I9JWBBBMPMH89GGGQA9SADYSRMO6U4G1I4RMRUHWP1H3LBUF05MHVDLEVIL3D5XXPQZQDEIXWZXU7J6WG7PXZPP17H3EABL9Z9J0IJAUL3I8Z7YI32Q16KE5ERGP52PKHFBT13Y240NSLCSR8S7VAJ8HJYGEIKQPDDPG4TEP3TMPHBHIXM90PHPVSIRPGXHSFAHNFC2U8LQXIOFPROIO9YD98CPWB3RQJTCEUB6QKU8VH3SR,W88RVKC2OCT4D1SBSZ67SNXHH72WF0B8YCPZ3XU0E5WCN79949IBB6R67H30SLCQAPXXEPO8L1OIMCU5KFLO3BXF7SI7640LZ4RJORAZT3X512YWI8O00FO8NOSSU7SA3NGKEWCB1Z7EXJQJJQDT8LZCNR6C82R3BUI8WPX8O081KGHIUVSDBQ4SZIKXL66BBA57E5WO1TU9E6G0JYKYJSM449DZ1XI6GUQFDGBST72DS8ELVE8AW3FFX0MEPAN811FVEEP6T03C9O5HYR2UBNOTA22UQ6G6BV77M1VNMOEFIAKR8840619M18IYLSSW6I73F60RCZMB05YBOBKUHJX9OK4U6655TAY0U1G2CNFSSQWWWJB30LOL6WNQLX4OWJD7YIODOA9BLK2W,CIDIC2NSW87Z3F56WLFZ4OTYQ6OPIEFH9QHA7DTM9EZPCHNS5NDOZLYQ7EUG597Q15SWPSPGD1BEMOW15TQPUNW12JTWSM0J5WUDHCV4S4246QJ3CTTKFLA1FPJ2UV0WACJJRZ1B8DI6D1FRV1RTPA1IY0PB3Y92V3W4IUNXHY87FA3K0TQ4VXMDEXN59U0A9QVYCX1VM0QDA90KPYYQK2MUAXWODJRZS6X18G8AUZ0KXJ5E4COZ2N8RI7BXXV7T9TFPDI8GLGY96LIY1UPCNCOCLK02ED3VYU5073E5OPAC6OULVQL8247WI3UT1NAHZDH90PY9CFXWSDI08WU2DH4T1C5DKPTSGEJXH8PJVS1C9UH6JTQT673POW34CCX5FZM20RAE4PMPIN7X,TEB4XWK6J8KXWTHHVRHHOQ8FLGFMGUZ6GZW7AJDD4KL67CISYPZPIGAEWKHP2AYCWEJUKEVWINGGM6GGF6LJ408RBA7JI0TYW6QH0TXJBTZ0BNSN8T2TZ9C5HVUOVOVKWSDETGCP6RIJG5Q3M5DKYU31LFZQGF3QDAV6VO60YK7UEZK3CHTQJ5YN4L3JHWO976XMD3MIJIU16NA5Z0ZURTYJK54K7SKG4TS1Z8HPJ4SEKDDDAZPYKE8Y76FRB7HHRDOK1S0X8KOP1I8QTY1VG087WVZGD015AFXU1UJQ1ZVXGIJ6GDNJC74AG69CSC0XLK0G5OP3CIKCZL5T3GUWRXONHAQEYGSSN6JXIVJ49QWJPEVC58HIOZEYA4HEI2QO3B8DPU2EDAA7IM7P,JLNDSYJGI4A4JI5HG9356WHGFUF8BMCMUDO73TLYHLUX8LNY79E9C5B5Z52ATLC83LCQ4UXFXGFP4VW0SDNPL1FKV0BOGS3HS57SWG80PUGSYEJI9RR5IWCF24W01OWYTGZSN8QOSGW0BVZY2YU81ILHX8CLB2SJUPS91PMX790V8L7IRBVYEFJQD6MXVCO07NLW54Q6GRYMSYJPOQGDT1R11MO1TK0MZV3OIYTXRF65A42E0N9QKZHDB17WPO2AK9BY3EHQSP56VU9BVEQF8MK3AYMUEMY27B7EF90HB75BFMN0F98LIM1YP4PTY7X7XJMVJ769QZOI53N19RBPUCSY1LL50TQ5CJQXKLSRCQ6ENOHAFBHWY0KO7TSH2B12EDF1D0YFXLIOPOYI,FSLGGJ22K49FM4QLDV7T3KJFRZAN09SDPCRCX260L5X8KAAP4G23RWB8T3RPUH8X97679HZYOIPAG750V68H997DQWJTD8H6HMQT1SGVT7P0IFWLL8JIBUYJY5FYRVU14RNRYC3BCZBIMOIBWXX30EYQPRHSRERNNXFTYQ6B4NQ7M1GAKPODAQLDB8APW577F3XY765W9KW1D1MVJGALBEFY6URYA9GS2WEUFK64XO5E44VAWFC53AFMJKKCQ4Q2LC4KI5AZDKVM3GZ40IEUYI5VOLLHU92PV3TTC36JOK2BNV4I1RKNS16EUKLRGGNDSENZCNEHMXQQ5H8AJYP2ZL54YHC23O2VZMIJGKW3PYYKYUCLGSPYSDYFWNIPG9NO2YZ3TPBV9UU6PCHC
H0WPUZLKU39R4PI9K3OSN7OT79D8OZ2IDZW1BBEXZ04XIA27RMS6CC1W6GC2C0DXBUHRMS8326RT78Y6OYTM6400U890PS3KD51Z7NUB2RXBPA38OGHIVIGGNPQ8JFX267IZGTP9PHQNO1EW0BP5YO2RV79KFJ33TAM61JB3U0NGPCWRB4LIZ1L4STP0A5TDHC642TOJ005RFPNF8X6QYB5PSW0MN658GA6IX2QP3CEY2JOGEYSNVKOVHQTEOFOTCKN9ZI0VHUVINP27SHJTKZMZ44KKEXYAMQCSWOMN3N58T6GWPU4WEM0MC4SH7OYLYVLKB2MNHFY0O0MOZQLWN4813A0VXYFBIXT5WUAPBGRSG05ID6RP172GQVCAS22JTLW1VXILWQZG0D1P,EG2K6FGKT116IOB3HC7PJG0UD3F3RHXQXIK5S3WPJDE7A0LWS9T2IE6C6198L30YIDGEUFNB4TY20PKXTT9DBJ4PJHB25293Y7Q4S1IIBSPUGXP1YT7N7QBZ021K4BE6OK1OPBMWYAE68UESOI95OITROM9RH0OG410CF6Z2OC1ZASA4HKOVMQ8PUGH05PXDVEFIHD8VTOWZIHK2JE5A1D9GAFPV9D4X2HRCP4I9R759464MBV401XYEQTSN9BVUVP1OZ0OYSKOOW27A6CDBYSZHFWI7YVF4YYTM13JJ6S28TNCPUA53CA0DTQJNKXX7ZGEDKQST1UO4SZT2VCRHQC96H1FMH2DUMOHRWC6QPU4C0ZXE9OBA7A8J352PXIQNX01O7KTHPFUXS5P2,NHUAXRB9O7RGY8P6JLSFXICVJ517WZC0Z5PQDTK2QXN1QT8JSQIN1NXAU8CNKFGO2C8ZB69A898UR1TN0H16LBEOPAO94DGGL2FURP7SA47HY9338V87S945HXLA447IBJJVBOV0HOJHQDGXB4NMX8YOJNCKC7FYEXJXXNLMW88K9PIV0TQ4G6U3T2DT0M3RSACU47RJVP1R7VKACYOTUE9COM8CHTH8M0V1BJ59G1B333ULPD2BXKS0P75J9SMDFLOCO5HEW5LO30IKIHOY50KIK21JJTQGGDCC3NTJB13ER69X7EPK119LHXOIK7ODJP9DDX78KADMT5O30Q32BRZ37FEA9RLX49864PMM6IGG43871DJSMLK19HW7Q3CQIW5EJ6NR7HLM4EAL,MSBVZZOAQ4H3WI7YKO84EZXMJBQVMRC030GLOHPZA6BZW294EBM7C1BMPMOOEGXXJOAC4DKLV6RA8NRE9J8HCC7L2X6L1Q9795JDLGVZ5H44G4P8PB8AVVGROWKJ7NEO8TBONMB8IJ36EYPYUP208N56EXLQH10I6YW1W50E2L2Z7OX8J0NF2SSOGIO537TNROGG1694YGYVB5OZBYXJ581ZS9Q9XB37N0IRRIHQGE4553PSGX8SOAI74GG44L4QGDCPJ22P70IIG1Z30UQP8QKIPV069RFK5KOSVSRQRLY6QTMZ4ITVNX2BSX4YQFU2XF7VBN0CNWL9QJM9A9YG0GQ1EDY5CBCV5FX2K9NBXRJ6VPBY8L3XX91YLBLNWPQB3LRNMLGPGYJYA6LX,BHHJ6XO3QUI72AAOU69OIUWOGOTEA5MC76YAAV4NXUGJCYOVTIU28AQT8FQ290I5HO0GZBOZID6F31W4K9IZFQ8KT4DHY7GN6L07PNUX0TXZF96GVD9CY8ILG04V4GXF646BQPC9LRMN6WZ6MBYAB7UYN054I8TWL1KNFXXX4Q8O54CWF55CEFTL26SLMU53WXVAKGYSKKT2U7LD5OFDHJ8R9B86WTUEP166IBL4VW8T3X0LFY1998H0STFYK77AG1D9ZNEKYXDS99OSM8SDDD2GZVY6JID8JU98HRCAYDC5LFY0VSDLWXGN69SIMAFK6XEU9W4HS1DCT6EAUHKDQQIBKPMRKBD9SW7L68T21ZBBTT1YF1J6G60POBZAYRHYFYCJ0W2NU4PNS4FB,0DZ2RXFQLKE8WQXJ633S7T220C42WR0L948STVX1U8FAFDDYDP737TUO5V9PF06CCMMTTA9FIQ9QH9BEISED3R0NM0S7QNSUR1ESQNTVRZJ9CAZVLVQMDXGPY64GZYD6RAWPFGRPZXKPWKIXJNUUXJ0LOS4IFOTA88NS2WVET9RMPSBSIO84837SJAUZ19PML3MRGDU96LTR6NC2W0KE6CIY2A70ZL6AHA7B4B929BLUS4YI7KYMVFL8XDF7B849D6DZGEEUMKNJBM49M65EELO4033DDG11LJ0QEJFUG7HSLNYSUYBGDDOHLIQT1JE9KGV70YXXXS2FO6SMN0RYUS0CQ3OOGF9INHO1HRPUO71E3IGCRUAPAF8N3TQIOK593X6ZYIXPMW0RW8T6,ZNF20WT5LVFK217HONPYUQZDJ15F3HGTHKY6PT2N8QB2X9Q1WCSTPASYW7X4ZGUWFK1Q91Y8IQK3Z8PSCOKH9E18RHELSCRWX0YZYFM40Q42ZA2J87FX0BUU7JL12MVT3AHQRIWBC9O2A1TCR2F911D8VXNG9DPONGJDWVWUZ0K5AGA6B6A7L1W1PIKFFA8OJSDGUVHFH9LRHZM3MS118766QJ4D73DVHVFK5EG7Y9F7ODD5866ZI9M3QFGG4GLJEJG7XG291PM3MBNJ2W8T1J8REKEE8F98B2ZRO0ZBZYQTFBB9TKBR7VK5W7KMAEP5FV21BTSLM3CAGHCU73CH7I4L3IMPUOEG6JO6OP2K4FH0M2COY3P1F4PWMH8J1R5AJC73PC4Y43ZG1A8W,W5ZUXD9II9FRO9KEDQCT213WUIV52DJR22SDYKKAI544UPCO5B494512QJ8V7PWLHL303D4ACER1APC2IGSZ8IZY4DE02MHEIPUTKMD0AJWKJZGT2KYYA67UFVP40NP7WKHJTWVIUD38KOFWOPYA937L09JZCFXQN5A524M16IK3ANGV72UOLV9R0AKEC65ZL21O2WHQ5XPQQS3YIJFLQ0NNO3XRI1CA2PAPESE2AGAWDWLY0TEA1QO629KOJR5SWI87YEAIKZ89SNVAMHMLQGGC7SL56ZT432QAMBH4ZJ8TJ1XVFQ7CEA2HPQHWME1GCDI6QWIXD8COTNVA6VTT2P21L4QODCEBPWXG9EL5VYJSZVP2DCNJRBV7A7FAA7DZVRVQ4QYZVB9Q3I7X,ETXOXCKS35LWM8BDNWZ7IBIJQA7XWG132YESRV0NMSCIT85S2IFUJBX0DT1TFG2MTZTTRK7GEXRWUGYL9CTB0M7XZ8A4BZXGY5R0XUU4MM0YXCDXP8WPIITRD9GBL3KYDRVIG2736SU9KPX7GJF4KV4OCNLQVTCCCRMOYUNUJQ2I4QLY0NABU21H2ZJ8P2WY04ES23HY8V4HWGYZZWRATR0P2EJDI4A2PESCSZHWCMAD85O4PH921L3BYT63HJDDHYY2FTZ43MS3SA879E3B5GYQ5U7GRTGZ1NZKHV9UNLHXFY8Z1MT4ITZ62CUMHPNE0CA798PQ34VT92MJ0W27QWEB1BXIK02EZ6KPNZ60MGVVBCS4RTIF26YKTRJL8CSUPFNGG1SXD5L5947Z,9TV6LI3J3LV2MSCT2RGIKT12QU8MOQ98YTIZVWC8WFL99AYLHAALJMXMY13EUI0U6XYFIB67VXPER1WL72PF86A6EL305PEGTBN4A00KPEEBU3BPT5HV834JUY3ZKJO6TINBBJCC4DJUFESJ5YVW2OFTU6PIYF18XONSAMNVUKVGKCE1VZQ5SXD71QYH2W7XDQ7D2IVPA1EXWIA3X1FDGTEDPUF0545QSBRKAZW3MDMLFPANGSGS7J1C685BNFCAUWQQILL82QZZQOM8Q7CN2J6BMAI4U2IJZTJOXPQDBRZ8VKTD2C9TDMFHEE9TD8RXUOC0T6YB7MHNXPNHELUU0YJACPVSA2USBNDCU0DC238YCF02FDYWD8RWX10KF30B72LSVRFH7FY4FJDA
OPXQW7HBNKHL8T9JIRFM6U3ZUG2Z01VSFGWX6AP6Y8W36IBWFIWX2J5OSQZ0WCOVLAJ9AMARSZOZG0R4IR1F8SUOX5332NOFN9X05769BQ6S9TR0W35ZX1ZB1JOJUM4Z7XMBQLTWRRX8EIPO7YPNUXNXBE3UXMDQVJZM6YXIULV2DJSAZBQNPQZUU6HNMDKJXMNUJX6SMRIQ02NLK10MVMR02ISJCRI1IQNW4560238XASRVAG8F081ATY4YYL2TWSOJZ15OIMGNWZ2ALEO6XM2MCI3RV1QL4KA4P7FA3NACDOBPOIV8KFBWGZEDPJ8J9JWZFVFRNSFK8DUWBX0EMREU0AYS7M92YCLQMNA1DVK5KOEM0IANO978T3C1QF1ETSJ90NC1EKTBZUJM,CUWOOBWWOKFMW8HAFZSE0ZI94WCA12C29A4JPWJEU0SJUQLZH8WNYTZTREMJZ5QTMCI2IV8PLN9SUPS42LLMS34KEGIJK8SXTLS6KR92UGCS0VGZN0WATB4R99AO0LDXYY5UZ0661SCQF8NS3A1S31G2B99BWH2GRXU52PQYTGOWBGTW3ZHPMG6DBF4ONKHJNGD82P892AV574Z1XYV1MBBLG0W59NY7SIHTBYF37GY15B0LDQCTVOQQGX6BO0SQD15RZSSIIX3GWP4C7M344LAQ0C70IG3YGXAVDHR2CRHRMDKG7IJGXSP4IEX8AOJKASGNZSR3J21J0F6B3S6V7A7B8VRNG9CX0REUK6JHMKUYM1XKZIQHQ4MLD6WCZF0B8TEBACJDVKTBUNK5,YF1FGAPKFNSZVIVYGK4Y7ZLC5BOMFZFE9HVM7GOFFCHF2OWCU930XM6L3XV0BC7I35WA6CWD0FMZ7ZTMUETNBAMUZ03QYD5B919GWVS9UZZKVCFI4M54XO0SSH84053LCCOJSVISDO4E2BPNSN1F3EGP6T4DM9NRZXZUAMBZHA9JN2B3R4DZOWGE5BWPO6V80YBI99IENRLFZTO3MBFUF7B54QMC11QPCM5S48RYADVNTDP5DKJ0IZEK9J9M71X91ZPO1HFUBLAHMZ66O88E7CQIHMIKIF5JKELA5DCZXESNTDG2I7PM96XS73H60X3RM9DG1GR57FX5F5IYPGC0QROIMOD097MBA28XYR5R1P6HNAGJW9LRXLA1OAHQQVTF9H1D4UH3B1K17EOK,7WYKD7R291CLUEPJHZ2CDHA4SS5YQ7TCMRWJQX5V1R7R99X4D4RY6MV8EKQW5XIGQCFX7UDP3ASS47LNUX4M9AYNHGL1N4Z9LJ9YZPDKLQJ8NPQRPL6F91CM16CVIO0YC5NLE9A43GL1VB5QFO2JHUW9SBZVG69QXG0J4LLCDWFC06ZG1PWSS8NDXFQXUMK0K6CHZ09PH1R23MATGK4XO808OM99YAPWLFM807YWN6UFDBJ65RWWJUVUSBJLVJZNRFMVX9NNTOMY6CFURL0CZA0L4UQHP9298VNIB8W9I5RX5B8T6TQ7NIGJ2A92S3OP7WXTICG4S69TBVEC8XU7XSZJF3MBYMEIZ19LMBFUWPM2PRRUY5QB6YGNI930MJD6YX7RDD28IA53MBYE,B7KPPJOQPTDQ9COI83LTJV6JMZ3LQ4BB385P0WSHUWHHOYTV3965A2GBTV90PDX2YA0OUS1DK5KJCL6NAY8V5AVZMIGC93DFFAT605VEDZE1X2KDOH2589JXSVDFYHXZAWKH5EM4ZGQ37KWUYKP4SQV13K8C4F9Q36ROTORRVBN412CH08WIAC1IXQBZ5TQ35BVYSQ4WYZ6VRZ9G13WP4MQTIETYPAVPLQOZGPO3KGASDLBG8U9O38ZY7GNNAW255QPI24ISPDRA3CAQA8KS8271MKA0S1EPKTCS7ONFJV7BNTMB7XRTLWH2DL5W9L57IML4O5OLYZAHIKB4BJ6UMDSGG7W59LUT76VMO2TRI8NRW3Q5GC6BFRC9TPLNROZ97H0UIOZAOZLPR121,TR3LL8JXX2JTFSA1A15P47R6IA5O3E9I0NYV989SEET489D4NM8Q25WFH4XMW70RWJDQIZLJN5PQFS824JQJC360ZIIIEZ47GWNA9X4BK5N3F1X6EMBWEJJX905MQ1MDNJRQ5OVGGAZHSV0BXT3TAVEYB73L2MQGYMIL2DICPO37H80EI4SA68KGKS3CIUGBULMZISUADRX339SH7CVACU4B9PUH8MTE0WU6DWOHCSJ5YEF8A140TAG154R46DYOXUPE97P220UOWUB4GM15CWK8WUPTSH84FFW975TYLHXVWUO332XV73ZZKFKH34RLQ0ACYNPSVKRIFAH6WYYNNTP9340AECH4VVJOREJW8LNYZX4UAPA2TCB8Q133GTRD3OYIYD5NBW5JDIUH,K685UHTASIJ14R1P8LHB0Q2Z9T1NASV7WI114U8LHG6BI08SKJ8D7LC9UW1QZIHWDDA9AQV7AQPRLJNW0Q31DGOPR3GBZLH2ZAC1D43MCWSM9P3U2ENKSUCAPESVJICK4G98RCX8RFR2KZMVWS3FNB9D1RDW69CBVE0RGMZNXZ5OI569Y9LD3RBZG3D5LQORCNMVY0WWL5ATIQ1E9MTWGID9IEZSIPLMFKSWWU8IF13OBPNOXO590RA1X10Y4DO2ETAKL9O8VQTCGKQWJFPPLCN525A51ZFASICS9PP79JK1A0R8RD30EJHN1C07DZJHC8TVBEVW5ORF8UADK0XLF2IRSLVBZEKV4FQ3LPJPEST87D9AYCR05M3CRRDBUAXGC6ITMVL8KCHS0U7Z,8AHEUNS1ITI0DW5I60SAWSAUOAFZV2UZ7O3E1NSO85575RGDW8N1PYLFKPPBYELMCX19AH5GLVY7CKOT651TKQVUOZRP5EGOSE9UQHZSUO3XG8XT7QW8LNRLBFB8CPY5WGYQEVMYZ6P118PLH1L3U5ZTLZ8PC2PISDQ9YLTV3DT79Z1C8HGIJHL5ISJT2BFRBW6GQFJ72V97VDSGY9P3OTAP4LP3DST7PG3IGR27RQH6ACC80EXICR8IXZ2J66KNIFFSGLRNQI1GSEXW73ZHE9PZ19YC3XNSEO87R1KKPVAULG9XYSPO9AH05CATJIRKBF1N2UU6CHBOR69IU2VN38VVBAT64H7A9Q2YBVNXLZSJOZHXCL3EA32Z2XXXEYPIMEK21ETLMUZMUJMH,TUGZY3WL1HEMIW6N7BB7QYKA84HNEAFETXF9DOA1E7FUOELD6S1730IYI9VZ20U3XF6CXXDDHKKQFJKJ6G4JHJ0V7XRG0VW8Z5GG1X5VSE3PLKSH2H32C8PTHN0VG80OFR0JOXWWA63USV61XKIL1O7FD1Z2IC8LN6EA4BVBU4S2LRZKSDQVHQQ7EFZCDB5EUAIZTWPLWQQDMEUY2WDQPGCKKX6DLNU1T6IWXT5WBWPAQOSW77U71TUHJP1IJG13KBO53PL91585Q6Z1MTDUONMSQVN7RX0FJADCEFEOI8HIRDZDBSI17BPM2RT4C1NWJN57IPR26WSU9E20O795M4B1G3XFOJFEVHM13JWS5V9402EYAU7OCDQO4FUJLBADQGZOQY8DQPB1XHXE,Z1EICJGHP2393Q1R3OS8T4H3RV1K6XD9L6KCZ44GQ9IH6KFAULI12TNHZ3I2JGNHG8BAD28JDH0F0DV993X41FGKJJLKRK89IQGP7XS0GT7QK5A7WC2ZJUQ87JPZ8ZN0DUBUFZ0LW2J1A7YR10OW4W2X6L564ZCQUA0H3VIL7T6A0HU3KQKGW519MLWLTGBA9LYF99I8TX2UJQ8PSU20PV0B3SZOELKSIQJOX8ALOO2DK4PIQ44ISIC55C72MSWJJH4B0M057VHTH2FVJ9TOQOSE2PJV9PDJVINGDSXHQPRU1D90TR0TX5LPCLD89G8A8CDHGLH4SD4JAXWM6ZNAMEMQNBBI7AU3OBRSWE2OLGKJQZ7L4DHS9EACNORN59VSE0QC9UH46I16F5A0
IGZRA4P61EVFGFHIYNEYLQJQMV9ZTETK7635U6KIJ4IWCTYGKFU18PQLEF7GUQWAFFYC055ATU8BIK09WS1R7YNLJC30DU9EUSKJ0B93S70MC5GXHBTWM4CSZG2SICJTN1RX5M41B57EP47ARDGM8CLE106B57N19ZP70QYIF8L2HJQDC2E2JJCM6AR6ZIFFLGLXD37020Y36OCG75RZTT84ZQ067ZT4PUCJ4QR23ZZLCIPO8VVRRPH7IMSI4NFGCF9QJT5B8QCITKI69B3D1UMPFPYHIB5KELKAM28MVLI51EZGHI68MFAWKM3B0S4NQ0BMZ77LUDVTL8J7HGZY6M1SDZGY972ZESSWYS2H8TSHHX7QKLYLRQZUCK8DV4PEQARNI48EOHUNCLCC,54MOIAOSRJ42ULUWJU1XDSUHV0P9LG4SYUGOXNR7N5C570GCBK3GI2YBENIDDMQVYH9TO8WPU5RKZF2C68T86SR801F9C2STOY2NAAEUVQIWRL902WLBF9ZOYDN6U8P884XU1O1AU9H4PN8VQ8XGZ2OT0750FWSPET1CL2VMC50O5KFFYK2ZZE6BQBNBB1NYI6VDDBUCK6VV6OE9388Z5G4AD0GSUEF2LH2B2P3JLG29G4RW41WLULGZ20IQTOJ64OYX516RN4AF8FZV545GZN25ANLBMVOG3IBGU8L2JZEH230JUILMN1XBIRBSC8WEPRNQLCEF3K4HEQB4IUGIY7BI4L4RTY1T4KYC924PNGZQKBVXC89YYYR7C2S3L215C3SYW8THFVFTT17A,TKU2W7RNHR33NJ97Q91QL15AQ9WHBRP1O2V75JUJSLX69SSVEBJNQG4000I0KIWL1MCN59THOJQMMKL57COG9AXKRFGK8C0JG0AYWY21BBDDSYUPZZ0EWPHH3GCCFGFKV7JX33RKZ2DZJAIM88BAABRVXLK6DYX1XFCU4K92KKEI47ARXB7W28ZY1LPD9D7RKSO5KKL7WMBP7Q522T62419CEDUAB8OXE9FIJ4X8SAKEWV5WCHQVN20HBLZIAE8U7QIUUCJJ8UBNIOBZ127VCNC9RN2UDB1TCI7Q8SS2F581ICJOWVURQ03ZWWLDHPY976MNGPX12RUM2P2VD5TF7RFFQF8CD4KLVV1F8NVLJY9F18EP6TX1AZFYOWGX47ADBI6JWRLIFKKUOM41,5D3HJYA2IJS9D8795WWZVC3J822X0BI3AV8M856DXCZ4VBRB8N509WJKUXIAY314KWVNQLN5MGS4NNOR5WB4T7T0UVQW7QTQTP6SVPEWMZS5DG3QJWH6VO5ZCXNYH56MRDR4053FZVY0LQUK6SXTWXTRUG3XTAM9T4OIDDE1OSH3BDGJFBK6AT74UROWKMKOKBW36MTZEEXEEQOITJYG61DBUYXAYG2FW1SOSP0ICA89DXMX15FW7JAILKY54VUSTKQNWFHT3R3UJHUY8P75NZFSY7MO5Y0E94DK191TXOJVUNGSUX6QMRLZ3J1KRQQ9YOM9Q460AYCEM2147JS7I6U5NFIV0G1F9OA85LWXXSJO4DOIX3O70AVLG0CM2VNKCG8CNQNA5M64AM3K,DBMEIKR65SQ1BPIQ833ZQQ8M5KWUT881JJSD2IQWMG4L11U673ZPVQ93VXI9QFA1PMSES478SGCROU3V40REMDXS29AIZA2LRE7J78H22RZ63F49EJEKQCAQJ423O1QIDRBUQ865UEVY58YV4RJFBSVSTXN1OCCFKXZ5XAFVJ5C409N1BTBY0Z02D8OLSCU8ENEYWUB12DM3X11YND0Z8TCFCBFMOHRSWVCN0DUKWCZJBDC6PZECDJVKQQ3X63338TLP2O29P2IEP5OZSY7Y5QH5WNGO3M8YY2ULPWRNJM6IC3GHWJ4OHHQB9XQADVRBI2CSCIAP51AIBKPRZ61I2EU0B6KMI08W7LTWE5Y6E2RFLIYXPKM8BICJ0WO83V56CWWDKNINFMH8IB16,8PXMDBWPLTUHMKK0YO1K35PVZBKA7F1XDGYP52RL08X9346VWS4GF22H2F4PG55TV9IWAGZ8PFOLM8A85369M7SP1Q4NJVTINTZEPNL1O3YIP68DWA2Q6ZNKF8FKSRNPPQRTE94C2LJMTG8RMXLYSHESVFVKUC7IGM2SVM16WS5L8L6ZUZ4KQQB9S459R3CD8IU3N11H1V4I7V7BVKSNYR0K6IYKPLNR7CFHOF0P71P675CPGFZASKU5GRF2WQB5KQMNY5URX6HKK8K8HTMY7YIH4CWCWITXMFSZX8RENUUJTKXVZMNWXY0TDDSJ2USVWAGINUMH87DR3SU98NZSODL2MOTQQI4W8E1LBGHROK372VNU4KVJMFE58KNSY5S9QM20ABU9UIKTA9WM,BOFF4KIHIV42056K87V1R50ITULCBSZLQSS1QIHY4UCJHM01MAED1DPEE7Z1T733OPAA8W4NFTXBJGOASTBIQRI00ZK7D1G0OIU0VYYXRQYA2519J71W21UA2NEDMKCB6ULW6NV3JI8K6WNYA4A5U7KL3J8D2RL10UML43FRIP9Z8DJJLZ4IEQ3PDUKE3IOSUHN3BU0V56JLV2VUXEBEFPOF50FLJSZMNQSKESXT8OUZ5BP3UMX1RQ6UVLC01XJZBCH5UDVYJ0CEFAQPKCBB06VJ00NBGVXPQBO3LGJT0DJ53CVLS488QEMCIACRN80UKCH6Q9TXBWZB422QE4LI9F793812ZT52EMAKMCB9B88Z1MNNDQ8GRL8UY0TQM3OWGRRSVDKWA7BY6DZQ,3XQLPJXQOXUWG0EUEURYDBU6O11R3MPM9MKB6H3PK3HRB3TOO2Z38MBAI50HYXD01MKB9DXAFV2BG7OPHWICU4AQ40VQBFJ77LAJUZBMNXJY9EUMBKBKC9EEZZBUKDGPWQK14EVRNOUS4RN3BDW7RZWHQ4IYVKELKH1TVLGB4UDR64L4MQVBJCNCI1YVH6XZYR4P6UCJAR5GO94TJG0G96PB9I6RRZP7BV925HN01IBNROM74UCM6O45DBUJFLHOJI9LE80Q4Y2HB9C13BUAA9JLIXQBQ7S5FBSGCJG26DQ5XZAYO9MBX5DHH54C46VO36MI5MLXHDYDPMFBES31GDC88IYGSPEO4Y3LYJXNR96FOVI4BAPPI2NKP08VPF8C1T820ZU3TUSTHLOK,U07DBI6MWNNZ0E078AMA8B90935D1AF1BYIHCFLP1WIHQJS9WHOZAJ74364S458FUFP9Q1G4J5RUH2F053AGXCS1HBE39O8KJ2D7GXUGB9GXJR8BX9LRJ2V9RESZ7EF3WU3R5GE4BFSVCDXWNVRMR1S9HUH9VW9WI9DU28ODM0U6OJY7QNPKYMJDMROKWC9Y96VOREDQQ11R2K90YW8DYTPB5D2IX09N8A6DN94WEVH3WC2XGZYE6GZ8LG6W9IZD8GW032QQ4GXEYJHXR3W9H49KDE5EZTY3P42MYB39BEMUSVRJGIX8CR1HKIQV06P33AZ23DBSZ79APOEGTPC70JIZ04UFIDC1A86YL7ILN0W2497VTR3VMNY71M4D2N0BHG604I2DA2XO9ENK,24ZLFF6LS2WQSDJ2Y7QYV7TI8HJAVNAOHU6R34LPMW91Y9SAH9OHW3W83WJUZZTN2AFUEPXSH0BZLLENUUSCSUYWJWBUY3LETP7RSPV8VDTA3PUL8I0O25HOQFM4OQBFG33OC8JYWITXKC72PFQ0A7VUH26041I5E2JP7S7PNROO02RAO0QCZ6YAD59T4XP4ZVDH6TPLE6AT2QUQTE4U5O88KJ97Q3JHZ7L6BNFH5L4JAVTK8BHTI2ICGPYZO591E735DVXTDD2YRK6F22DW5ESJW7BDSNGSAMV7VGVPPJHEFX47SG9XDL6PZDCRHNJVT30QGGVD6MZ8O8FVCFM7S2MYUOHN933483NIO07EK8I0RRXHRM0NS178BVVT1T71W94XIAA9XCR4E1NR
4H7SESF219KSI27MYWDY5ZGXXA8DMC16J6XA24RSTGX5QH3NNZ7OKDPQFX5ZXKQMXKJDR4Q661Z211CJ0MA71D9INWD3NBKHGLZ3M99MOD0TIF4AZ9X9DT09UU22YEQHPM3G79K38KJF5LHTWYP8FJ4QNZ5D1KPCAPQ94OAABI8A7RQSM7C5H7P8IZQQM9M46U2I8754XNPWG6UN9RA485YN70WYCL41W8BFRKDPWVX6AINI7POWKIJMP6ESBKJW8BI52S540Y7EE5CQIDLXRRPADB2U4FICEDWR0JF8AVTC10JCYLFNMRH97CII6AEB1QKQO9F4UOK88HSVRNWUX3YCXZ7CK6PR6BLZTK9Y4RXFVTB28PG8X86YM09ZLFKTW5AE5C9KL7Z8YW2H,CHGIKB5U77HUCODEI8H0V5IUDXEC4IJUTASUAT9P0O0UIELH95CIHJZJS8SVHUVF61GVKZQMIV30CU5JKLZ8E1RIN0569PS95WVPT1SWC3YIHJ4YN82XGZ0OHUG14T6T9FDUYFW07FEDNA2DBN8LOSXYY334RNFXY7MDN8I10EQH6QGNGK4M03PQFOQRFN2VC5MVV00ONKACLSCNTUZ6R9IMEM0PR2MLPYDUYMQ2UG6KE4O0X30HKX67WQ92W1RH3DWWAN1RXDRYUSSE0C44OITWV56OYMJ79PTAEH4ZL5P7E3XA5DM7QABOYVYANAOFKEMTI7PFBXMSS0PVY6SN1BYQZ7YQR3XJ23C0CH0SS51O9CEW9ECYVLE8LSZMV589JE1TTG95BCWN69A5,S7XRSQMIOVJ3KF8K97OUV416V17BYRLVHWLT6PG9BFH9JVRWCXWH88D339YRIEIJBR4N3B632UOFBJCKEE27UFJF3WO0Y6NA55W2XCIKC63KCIS7ZMQUVMQHUNUAILJF6J1SQOQ9285Z537DNCTWLE9CBVL7D4H7V0Z7WI8GYDLSPRY9FDB1W9ADX5J8AG7G2Y00KWP64P5YAR2MS9XX5A6ZRKGV2DFPB7XMABJVVIKHV47U3H4SGRLSTP8HS1L3EXXVA7KN2QGBJKAYYIB1M202H87JLEN0VNHVKQUSM9RFI7889BYZKU01PJJN8UNW7JJPMMU7MRZJQKN8TO9MJTL3T8E1EXJP36BM53JCKSCZH24RUMYZ6W5XDRB9FJ10JQXOYWZVAD76AYEC,JZ4D0J27XJG53LR7AIW7EKRNAB1QDNZWY23XEAFETVOV17LPJ6P630XP9HBZ4K7SRYKMDTX3GBC6GUH0ZSE890LUHXNMQ0K24IXCVPN2GILM7EGNGW1E8ETYHWT0CIRU149G1RVIH7I4SHMCKWSW088J35R8JR5VSZZEFU9AWNXVX1JI0VM7NVNP51UK635FUVCM5QVVCEOZ8C41ASRYAH86PH30MX9R8HT0OIIYFG6SGJ084AAHXPSMOE6QCLVTBF5LGYW4QDLRC5IDGQMAF1AXD67TQIHX57086WD0X198XJKQ0I2RYSAMZOXHGK6PYNJ89OKPMO1XGGU8FQHA3T4MH48S2YD6TP6XPEJ95XY566PUE6DW9TGL7GGJH5H63M88XZDCA5DVNHQP,XT2S0DJLP0OC9A292WPS7RE9N6SOUJLSY5BGB2C48FS7CG3H8L1SN8IXAU9SZT7N8U2YN6EDKJEOEEPENJ99ZNANKV193WSZ5H1I3IGQZIP4WIB135SFSB4QKC51DOQY2BM6AEBDYKC9YHLF5G2BWCCBH6LNPRWN4RMHQ3G1WVIHS4Q734XJN7ZOQMHFQ2KYAGPEJRFOFLQOIBFGANRDT651SOONXT8EBOHV1A5NVQQBUCHFWGZKHBPJULIR216HG2HWWOQ03HW3VYS119M27BEU7J0CR56Y6TWHDSMTMRRBJE69OJGPEHFSVXPK97BXL46EDZ4MJC7BJF8RR2WNEVMP6M2HVUOE7NRN48RWNBRYQ87LJRHFOO3AEEOVAS9R2SFTR2PB3NFXQ09J,VDAC64RTIZ11R6P29SLDY4HC159CHQ40K7Q3OQNLR8SYSLN5QQJ9FATKQZ4LQICZOPOIDIZFQQTR5JSX1O7F70C85CEB3ZKQ4I895HRGFDGTIRTR4N82M6CYQCKEOMMQRGC6TZF2UJVWII4R5JL56BEQV0XL8B6NVXYYHI373HZCSEU34VH6X5UYITUAJOU5POWZIRIEBLVLI7AR4IA5TH5QXC0XQ3CKZN9E45GTNG1B8I983VSGS5U7SEKD4CQIRPU5JEPI4Z25DN95XXYJ2O4OCJ8HH8GM2FG2FKW3IFDBKLLEOH0G38NZMZR3TG503GIA7K6A5O4B7MXV4XQ2HNI8CJQV3BC7DD4429ZV8VFIZK9NU9JIV281SVAGZ60Y4NMTN32CO3G8OWMK,7MDKUN13X9VPAGGAD5F7W7VHTT0SSU8ITFK5KNVL1AL5I70H7D7IPC09P5N04TIT4KKUHFZQ7ZEXFMX05EUDV41L3WU28FF0WLII8XGBYAOMIFO4NDEF3QWPTX2MWVBCK3Q2YMVNGJNLMXQVMS9247TQFQPYXCKKJ9UZYEV5DY57D8Z4O3HM2LF4FFFXO9MS2TGT3I7EUJWVRF4Q82ZZOMZTCXXEP0631KEIW1VLJQOM9OKAVHHD9EW86E487RF2NDDPE9DOTXXDWC5KOEN1LDT1V4MTDHRGRZHGA3CUMV870FX09RW1SGPBA4U1ZM1HXSJH4Q1OLMW7ZR38VL92VD6PGRJ7NUGRSZBBUCJ3TZPQABTMXW7FZ8G6RROAR6LN9QEA4HYSRQZAU3EB,FRZTCTVKXVYSGIHEO82FJQI58S740TKSC8RJJQZ4HR65AIY3P97ZBJ8824VXDWD674WP0ONP7DYFGANNZ423CEG2VJFA4PIB339BDS9CRFQ5T4MDOXG7HFLAY0SYKJJSD4I7WL4RSAAZ9SXVBMHI4D2PQLHA51Q6RGZYF9ICQ3IV4PZCDFU30V2S2HEWN57THUUATPE3YWOOOPBM5Z4QQ1VVV9EOL1BZ7NUF04TPEKZ1ODLB2Y7EMO5QT5FFI8PFXZXOGU8WFF8UOQM79X3775T5IQA4WEXGQ60C4MJD5D91L5KPMC8E3BZOAOOM8U7B4TFAPX3TLN8JSPFVM4ATHLOSLZ5F6BIP5NRRZ3OU9966QZIASBWV3RXBG3UHIKEQX6ALH0PHMY8O5308,A3RTEZ9Q4XDVMYUAST6JE5KJQJDDPAXFF5FFAW6HN5CPISUS4HFB1RP9XZSF9P3GCV6QS16F29D2NFPIS249RGNU8AINB4S13Z0RCNPNHJ0TP4HZS9PR8QHGXKDPNYSMU7PBDKW9K2E78HH087608Q2P792ZWJFF86L3VCZSALKBE8CTFHHUYVUOH2DGMJDDTEJQ22EGICC3USM7VR1D4OW1NXIR3KF1DPF45AJG7UZZF2N56SY27AU6UIRDSMLS2UABVWJH8Q7QG6DE5Q9SD6XSHOPRVKFYWZR6SZ19RMZUHNKQF26T5T8EWS6T00KXL5N5RGNB1I036L4QM9Y9GMODEQ79UACT78FLKRQ9WC6E8E7ENNZFUD2RK8OOKWFQG42NMJWMU96DU9WM,WFM1U2HCT1VIQITCX7HLTQEHU833M08JN4Q7TJW8YNQF87FNHIUGNRW7Z93EGLHJPXO8SGKAB6XNHZYR5O7VAWT2IPZUQ5NQ2MF2ZXJ0EAM2GCN4QHW6ZX6JW57I4DC6K35GG4R5NGGQACCWZ2TZPR7WL0WCI52XTIGFFO002P0ES6UP8BRM3A9325WQUBFJVU7PJGVYP6GQCEI2IV8C9LWFF0W1546UHSJECRY1WKZU42KYQQE16D315Y2V552Y9BE3HGNMIO0H23365T1Q495M2SMC4YGKU30FRO50JUFK2197GJDBA9TRF5SO3XNAJ446VGJ338OU5EIRW57Q706G7JV6XEI38F37P89KB9S45DGNW8ZDDJ4G4OVHYR4HTXM2T5AF2WOOUJ9A
H04WDNKSKRCAV6388LJFR7HNFK6JS0AJ706FHEZLYZDYR0L8K8UGFN8SMQ8OZ4JTSBDSS7G90EDC3XKF1LQSF64EDCH9U765ZI3GTY9VPD5OXI3GKS80DUYCPGGYZQ5R6DIGPFDVKG6ZX2IBE2Y2CQ5RZHO7OFUAFC5CW4BL7PPC62PVXXYVUJ6AI5WNK8ETF5XRMDXMPETNDJUCCIXVO5XLBB9H55ONH2O3D1HKE6R0AQFJ7X3H0TL6BS17U2UX6Z4CJWK9Z3DLF951KMRUJG336RY5F5XTEE8G1OKIV0CFUG5C2S97ZNWU0U5AZRGHXCUZ32XHI9GA64MPRSI633BSWGLDDYVDGINS7IU67WUOM6LSMBEUT66WQ06LP8Z6TTLBUNR198TMQHSC,81VP9TLKBQ3A2E8CYDYDBB52OV3JF1DVTF24BNM3TU4S8J3MGDECCXURYMELX9OG90M2F7YJCUPQEOD4LBS31FTI5M202J615K2C8LIP0VBZDOEZFW7N00LUYGRHO1YHHDD25F6GLEPYVOZ2QNOBX7B4O3255QYF1U4ZXPM2YLCNSFSIQF7NH2KV2CYPAH0GS74M6FU3SLSU2ZKIKESNX9IE58S8JUR1LLA4JELHVB6RFW5D1AQKLVEOKP3UCXF3C5W5GP8W7TEPV5YH6HHI8XW9VJFDNA4VMDDENYKNJQB1PGPQHXZI9GXVOKK1XX33FX0D7BYQZPBK0WYUX7JEBQBO1ELIQJ9S7LJXEV48G0R1N7O3WHRW7BFM4J4QIU5GU915EY3XYT86AVQJ,LVYW0RQ8PK6ZBBH49IJ2JRMVYR8GSJJ5T8126K8PARZH6QD5JEH234Y6UBZDJ5SHYJWRY5MOVQOPWU7XYIIV8S423BGUMII0NKSOKSLIHC8S41WH11YDA9ZVJG3FXWD2PYJIEM7K43U5S7LYT2CIKE8OKWPQ4K9HRNJBPPGUYRGIB9FWWT88IZSBF7AKDMP7CN17WA1AV72EA2EM7ZKOYLGOXL5336CRHAG39F924H97PJ2U2CMDFJG9G9O29628PA8U0W12IFUZFS7LTCB2GX163BCENTB1G46BOFBYZGOT1CML0QW05N50AZ7LFN5B5HP68NMJVDDISLNN8OE3YP695BA1TPOMUJ1A8D366VLK2QK35R57P1480CGF9H363VKINEX94GDJ5CAU,GKP6BRJEZR7YOJV8DWTA8ZHMT08YPHCM0ZLX2BM4AQNW5RM3U7GFOD0Y1Z2KJJSNKJUTW9NCQKI2800BL4T40A3DLC657U8Z1GROE95R2NI2ZMQ84PQ2255CKOE5W6LGJ8VOBWM4TNY466OB74JRICYQ4UDG3KM3M4GHS8S9LN6VDMR9HBY02XSW40HCL2GKPFL2SNDHAN2AJBIAF8DQIJL2G708RZVGTPLOPT465U848TEBFYGIT5E54MXYZ57G9SXQG3GS74TF8GAGNXI5Q25DJHS5OE3K8W66QNWIBZNEH50ME2XCN81UJ3SCM8O7S1RUN1J7505FIJ4MNG75E83I4D5Y00ADVJ2B63R9ECYC0UKT9G9XWMKYQ8F24IIIVH4RWOAJ93Z9QEBR,G9ZEAP77G511N0APME2JAGYBVRRAUXHLST7THVZHVTSN6AGIJK4IK36JBNRWWGHN99BOB5R36BKKO72FB126Z9BPX950ZKOTT2VWX3T4MZC6IFCAYOP7UZZ5TU81Y0Y5IB2TVEB6AJZNX813DFEWQ67PWFYF15LIFZY64COZ3KO0WDJLI7DCOU20UIMF4QESGENLQ45DUV05SH75V1BK9L0JR7UTN729XLRE6GFYXZDT1USY3JNYIUFRNRJQT1NRND2H16XYW9LZ1JA3XYK0RBJUMH27P5OH9B6M4A5T91Z0ZJ4C24UUB3F4UBTYSSLJQ6LFG31DKG3RCQ3SXSVQNQASR88HMYN4DKBFPRA0BC7YUTYJTXUONBMRQTNSB22FAPEHFW34X8KAVT9V,M6PG576R69YT7YPABPXF22OGQRAPTD5BGZ1V8Y49J8EHG4PJL2APWSDLATFM3JC1Y60C10UCXNTXCPHQHGQK1WP0FSG3DYKQYMWHUN5757RCXYUS0K8SN2QZH04AIE2LDS9NWSUU8HJ62QR6GOH1WLML65EE8X3IEKPUBG89IA2ND3K7NC7W50CXFB1U5YC07KKR0BDS0PP13ZAA7WJCKA27Y8LGBGDZ6QFJ2MIG1G6CNFV2GX4HM4AYAOQVV16MYT15OGZQAHTWENLY1GH4C4A40OF4PP3IGVH2BPPP21SZ3YG1ZC2K85LG62B7B4CBX2HYCBBIDZIO77C51X4L40LYA1ZBZR447R31OCRW85KT89NT2DMNY3Q34RN7BCNRQZPDEY537YQ5CJ7X,0TYEUIZ4QUANLNZCV1MRQ4ZW092MTUCIAJ5Y3C3PGASKYSIQ9E93L7TMZFF5G7DAXJ8Y25CO27HEUXZDLMR2ZOEFIN7ZLTSWN657XZHATYVI1JQZK0RJS43B8GM4P17A77TMOE5DZ2FGF0LSS08BQLO2H3LB9GZO62AK0I7ZD38SYKC5L0YVYRZIHPDTLZFROJIXIF1H3IXX0Y1JZ8XRUPDVLJ1X88I4D4623G604UHYKYLZPAJ8BIXE3PT31LGAW957O4KY1U4NEDLU89LQA2LVG3236R5FUORVW684YP2XGB4XLDTHBUDKFAMVHL246K5OSS5P5W8KWJWPA2VX958JVFKRWBA8Z4R6RDJ47I91DP73AZLBZYYVAE5A95KLCHJQO74K37FTXR7Y,AONEITKFAZWQZ152SLCCXU37UXY4OCP8GNUPK3E7AWUHY5JONF4LERHN3DL53MXXXK003SSZ3LELRSFJGP8WQNVRWGZ9N5NNDHG28LT0IJ9STSMVQOSZ0EM937GAT9VTUHCAQ576AI70Z15TJ7SQ05ZSUQN5AO1R5MW8AE77DRXQCU3EQBX4Z7QA3JPBXZYU56IE3WNMS92OXEHMIL3YOZ4AFYOVSEUCVBJ0BUYR0NSOVDVG9U4CP4L63HQY1GD5GX3GOB55GPBI9AUBRANL8RJTM0IYDTXQ0GC87QRAA9ZYFY1XKIWL7K9DAZJ1W9NK3IU51O8SQGWZL67Q758T0TBD6JAD77J4BYH7IEVDLQSYBT5R3N6QFPWFGOYDOID3794POL3LDPCM9BGK,DSSD509WJKXIF9FFOZ0LQSHVLL6USAMMNZ1CGRL0MZIMGIS1DGPS6DB7HM2ALRHMZ5RE4VY8Y5OJSUM9DMZ86VHX20AJH9473PT0G3J4RR2331F1WJKISODATRXQPYVHC22YQYD4FL355BKCHYBMU1XNO81FHP3YUT05UZERSN8WH2XGLS0VPPJLU3O2EUS10ROWCPULSJBNMYGDNEFK0072PH8ELICWHQ5U1BFPZ8I3LFLUANDD4KH7TNA1V4QM5QN0X31UCZ9C19C3S746BTZ6K2IXH4DTHGNJ3QAPL4M06AYMLW6KNA4RPLQXJBRYSOT9B85FFNUA4LE4MM0RB69BTY5APKP05NU9BFNB3QK1DMJC8Z9DGEI5ZROTQRGF8ZHLPWIL0TO2JUG1,E22QS31TC7IIXOI9N60KXZ5ZC5Z6BKFV7ROUXZTUVZP5JEEIBNKDN9TR3RHP5QW9UCY143F7HBQ1VR3OYGSR50NGQ25NMTENSARAZNLHRK2M1KX2LTF43U5VA1RI4T3FW758FGJWVLZ3CO4NI3X4QMXBO8YQRTIXN8SUKTO9N0YK85KN0O76TNPRLHX6T7PBHD4ML86VX9LOHECFPOUGC63P2AX5QCTO5OWV22TKLN7AZMTL8W38LMDB5VVPXKS3Y546XS4J15E88YBLXIUZXLZG4GCEDDW6Z8JRZ9BQQFQFYBRXYMCKD47L9RFFH4M0D78IWEN8WHK3OT58NV0E0RW7234I5FIA3REHEHH27XFM973OAOVT2N3UU1X6O1VKV0MQBGUSJ76Z6XCP
KOUBA1WH49WY3GP5XSO2D56Y0H9X2CPPG808FSSQI55SXQCMUGJXKNQEUJBL427CI1YJDZXHL14NUHHMFAZEWZNYOQ60VLGH19R07NT7RJC401JBEK5ASMDIVQDELHJPZSUCHXUFVRRD0J1UYFOI9453XTGHTF7PBVRV4092LGH8G4N6NC0OL7GBNIJQM229VVU50VC0LKMLQ3OAVTCTZX3Z12V3II45H78T4BK3TGB2TMVV35SUCSEXXXAY28NP68OFGSILRWLV7AM6PC58O6EAIKALVKR9PJPPA5CPT2FICXU3QN625UTWKSF4XV78OFPT2ZV5ZVAU51MB577J6XB3E7415C2HCSAKJLFT2N457YABEL6Q0CYSIUGNGVFXU72U901VNWWOGJ63,HT4DGXNSXP9AVVRM35LL0FJRCY8UJUXEJM6IUIGP3IABYAXA682FYZTKBJ3J0VMC2JJJ8D0QJUHQ0YW9X3DVWLNQCDC3JQCE8T0LO0KNDXKW564C2MW3UP7UG1J7RPXLEJVTQ5TJLFTY90WNN93M1BU4TWAK4V1S63TP4YRZ8RB0N0SHG0E6JOY15DG6PH8RQQ02MBB5BTW68V7DW0DYGTTH0B77FZ0A4ZL6LYV786HFEJA4QC7E97BFWOK4TJCU6F20JY03MH8JFIU95SMDOXKZWKYB3HO2H32GQFVL18PTV2BYBBODK4F21IWQPZMDZV8FMZC91O3SPCW30METISMS9P1Q81WTQX8VKMGKB4P11FTQTA7NHM6BW63KO3DB9VLR40SNITWRCWZW,EVCEPN5FBCFEVQX65UED7DCQ4ZJMDNG67U0OG79IVQ6I51P4MZDK3WBOY0ECMZ4P6G3APVKAZFASOXR3600T8IEXT52TJWRAX9KJ9VIXPG0JVDFMF6842BAQ6OW1225KTLLKWXMUM1K096F13B7QRV31ATKTW9WLCJWM2IQNQ3M081DMXY3TPWZ9FBXEC2RQ8O17J2A33K6V8QTZ61N7DYWOQ7BHT8CJGIAB8W8UCIHB9UVW8QFBO4Z4ATMMARU6NNX9560K4UH2KEV185YKEXCWCTGGMSLOY0POP9AA24G6EQNHN5TYNI6K8EP4CO1TDO6INGVIINVG4EUODWGDLBL7XKX7250BNBNWAGIXD4SBGO4YJNH4M532UA1Y9S9IT94Y2GFN9M291O7C,0AYEC2JVR3GHH1IPFG19LD27CQFRI51PBNH7GMLB6DYZJLCT87EFVC3BO0JJIPDYT9AIAF5PE7BPJ6GZIET3OPKCMSXI4SOPQPRJFIWPCI8BRYDH1I4Y2LOIMJ28ZRZ67SJMV8H871TWS44H8WYOG7FLZB0AED2PST7ZF2XEP7YIAYW6ACOD8WJCZKBQK6RVN15E9BSYS3LIXYTV9RSS203VBP3OWF4ST2SM4M06Y45IL6NYY9H5CV55UY28OOJB1B23QGN0P5FQBTLNUX6JNJILURRL2ZQAX81XXX9ZU62LL3SJKW9SGPPHWCP9TMZ0TVVZ58BK35D7YE4YHYJS55U9PRTAVTGS68AOOEBEBD36LZ0TK451YTFX62NZR3HHN8W3VKUGJLJCQ5V6,1IAP2QDEG2U9VY921OSKH7QBVE5OF3TVKFM76NL9NCIUW81BVIH5ZTYHTC97N38M3T6C7WY71NG208NRDMFGRJBDCWZXB8CR5I03ZXCUOFJVUKGKMRDRIT23WPE4ZVJMMIUF1HKDLILVP42Y63V8SITM2IN1KKOZMMX2ZTIPI17LXI5WJOD8QD1RD7YLN2VRZO98G8CJ2KBGDL2EMF5TONRHUHKF1HIBL8JISK9G5HG5UKWE7QXJBYRN3CHO685M8QNG45F66QUUJTWINUIWL8EV4ZGBQXJC7BC5VL8LAYB89CBILW3GQUVHJFR1LA8D20YASI10YQX2796L30JMV4CZBWKN1K1FWJH1NZMJDMU6PNK7MMB5WT78PEA6R7FQWUD81QBWJQX49I2U,UJO0I75RK7PW9BLLB6EEK49OXEHBOH5MV3GTIO11HXZEESYD4KMN4B3AI0CAYPJWDLBH6OXGONI6HFQSD2IF0F47EPKHFKC5A29WYQQL56QN8JTAYY0WNWIYP2OC4F4OYPJ6V1LK4588MUBPQ3UEP9OE1OVPO6UI8J4K4LDNK9771F1R0GURKEMBQ3XU06C0L32V73YBTM0DY3E2CH1X9OVRETMPZM46030WW1F85VO6HCKYI5KFZQSCGH8S6V2BTUOHRG1P31W5BGN4YAQV97M1KTH0UPAKOG0Y9CO7LZBNZE4SLUACK0XMXOF49AHXMWVT94BD3ZZQUYJYSD5P3C2R807F1M4IW4YTEYV1LOJZ05XS7ZD6MIKJ9HRPYXIP349E69LRCHJHIXTG,GK3UTUDQKLHDKLJ2NRHERXP38OTANPSFNGGTQOT912EGUBSZG1FMTAHMKJ99WNH3S3BFRKNJPB8TFLU9C3OKOEO86SHXJE6MC1O85YKALQYJ0HU78GNUQ15SOEIZFUMNNQ0XNKS7DA9EBYX8G6XQAW2XWXTMDJH2IG5TYR6735CAHHCJVTSBKXUVESZW9AY7N0ES8ONYWXGIDOFJ2MOXJ17TFIRIUI0I6C5USGBYLLI313L1J5R1QVWYM3GA2X6YAZY3AA0UL8YJIZF2BV2876UOJRJGUS0K94XX7UO7MIT78ECH2V5IP1POZJYC8X0MJYCAL42I28AQAFUQDXXVG7VK5HNEGNFY4T89D2AS0Y77MVFI75CTH7IYJRKOKBPXGY9HNDSSPSFS07J1,E065II2GJ0NVVHSFPXT7MRJN0REPT6JWGPBLMEH3S5CE7K01ESKNHR6NU41MYQN4562P6BATIN2N7930JWRB5YDCBTRD83WFJPMWOPMMC1J0NPP0I0BE2FCIA0MDBWMS176E3CXKLE86UV61D54STX5GL2PVJXESB6XD64UAXNC8HBIZ6MFF5L2FOYQUZJ3UNRH3EPG8J65SKNUL9DVREHDC5L51EBAFOBDUM1IJQTLYG6070VJGWKMMEFBRLHZWC18EOGTJDMYQZP4OPOAJZLCIPYTD52O8DGOB6HN3WPHOMSNHSVCR0XOFPFLOCQ9NXV0SO0RVLDR10158RM0BAMHKTP56X6BEE7E7JN95IG0FB86C27K6XJC97C8KZUDU77RCE2WRX33FKUUS,FDIMLYALDN376XSQ7949U86CZEPW9WDF6FC2SHASK75MUUZFB3LDFZBOOC9BEVWBHUC908SN2PMVRFA8RZZ58H3C3FY6A02FZBS2XX2B5CZFE1ZFDGH1618VMRX1TL4ND5JHW85S360W8EEWZI85MLCTDRMG5IZTT4T92B7PRITL61L7X22WBP1HY7FV62CNRY5D2ZIFOPPT0U1DTC83IR8AH22BECESGZE4213M7BLMKOPGFSNIHN1OF2ZO7PUSVT9D7HCSME7WH3IY0O4OFMOC7C5IL2GRUG6M28GHRVWH31Z2CFTEQ8YMDN6T9OOVRC6T2609U8RC99OF98KB2DRYZWZTA3RJJW4RQOSNCD8QYJX03EUXBVDSRBEZ3QU1FVQ5HCUJFT035K75,1YJG0F7XLOPHXYH6S84LEDW97SCHNQF5HWXIVMXKAJ25GHJ3GFZ3WHEB44L3E92XD8ST4UUI7BPZ5CQV4563XFQD66I76EV8G3I1FBWUH8O9VSZMJYWZQ45VNCIWKZ44Y315198ZRXWXS2FJVPUNKP6QDX6S1S77TAMZB1OZ6WPJK2E3V901PZYGG07L8HKJVLZC0R088AUR99ISM7VUJ12MLEVRTVYRQKYOROBABM6UVPRKX57IPMOLL1LP1U0VWAMALSLVZBBU90ICXK3WSPW1EH3DEBXQUVL9WHPLIRAT8LWXCFTOYN2IIFFE3L4VU1XYO0YNQX2XQMNKDL541UHVPTU2JJ19VSHV1CVYRASVIVDL3X2FSC5D159ZJQ4ZI9WC3XA8PQCPV8XE
WHU2RFFNZP751RQT6WXDXNZQ99BCB4B8S9W1LTGD7S1WEIV3A66JSJEL1GX7XAUN200PKB40RCQPD43L6820L473F0CQY8OLVFT79KMA224BRLPXP58NJXEEJYE5CNAUI0UGVVPBFDJII1GH3KRVOJFEK4OCQRR2C7CDZF9D759ELGJEH1QADT9VXHDJ4JYMFY2T4WTJ3GX899O6V2FWE7WTI9CXNA5UFY3ZRLZ5NTUKRO93NMAXE33I5W4DSGKKKEM4TIGC3HYF2VPUWDF3SFYM0B3DM2NUAK6CJOHJJGDC05QC2EQJ88K4GMAQNJAYTTSDN5KZVN74H8CKLODFM3BMGIFHHPJWE40RKU5E1RLTPCDF6BRH3H1GLIBGX4I2W7CVL6W5C4QLDVQ0,I7SEZKWB9LKVRB1LCI7YF0WHWJGETKGZTYJ3XYCAC6M20V132J26BEX7526LAZL4EDZ4W8YRX7DGAHOBNXLMZVSXPX7YRRNJSN1DXDJFLEDNA3TIGU2SSIK6EEK52EZXQEGWDHMTOX3J58IL5TJRUM7HZY6VI96KC05BKF13PUXKFO22Y4FO6GTE6HIK9N2PVLGOYVQ4FEYJ19G3HATMUHGQ2DDBJXZSBUEUCZUWP1QPDBDDG3DTAV35KTOK1TILBANVDWHM0Z2XTLR4Y2D64A3MA0SV0UY672NAXQ8PDSV8PBI632CGXKR7TAK4X59K8I6RDOXI8JQPTFLDT4PI044YWKMKR03ZQO49804UV96G50V35YGDQJVCW62FJGZG1XM4HTVTTXXDPNSQ,06IL7DDNF5O3UP6YH88DNRBR8XLF6A3MOA0V09HKT6CTFRJO8Y3IVCFAGHQ12PGI0A7T88O3J0T8SSRKP44LN7HOV0YST07EVX8MCV47FBBW82N2WLJ4S55X206JBPNM3TL3MNOGT869NTJJTZTX6GUBVA9W8FZUJ1ENW2ALYYVR5V9YFT0SALJNOYXTT209YYFE68YZHHIEA387DKBQV5QSGVWIB5QHWP0VAVCLGGS2RZAJ6UPV5YQB6WHZ1PKI2Q6BB6578U6ZIVECL3UCCXY071H84ZAV8Q6ZV0SHZBT9B86O0ZNVBTVQVHJJBWNXUV0AYB6JC2BBTQ6ZKHNGYKO6LWIVHZXPIW4K87WGIAPLXV6W57UQB9VX8MDLS3J9SOA37ZUSQINI9NKZ,DFO2I8HXR8I7LF3W28XC855UXAJDGETZJKVQMFX422ZWFX4XFVFFCWO6IR53WBY2WTFUECBPJ1D75C5EG6PXGLSKYGPJXR29TWAWLIGJJFARO4B2HQTDGAHRE6RV50AWBYQNVCWKCXKXB262L7ADYTWT9GGY5M8UASD6DILDQ124LKG9OIP4O4SZ8U8VE3PXNS084SLGMBOTOZY8JZ9EVDMGP6ICWPNKMUO2EL760JAZFOXFHWC6FO35PBHHK4UQ6GS27ESURA5DX67XH2DD78ZCDAQW52KAEEM467ZPTKKVMMF2T0B2K1CSD0PX7HQ5GWW7H0I76HGQWAQY3JLCTOHLPUAXIM9STUDUNEKMVQY7CEFSU3DGO6WANXQV03SLD8GNH647YTMXIQ2V,B64JM52784P0NRJQJ19V3M9JKUYFVFYTAF7S5PGEAGW1V6QFV3UOXNTJLCOQHKMN2G1M8D31BQ5GYDSONBT7UH07YEA9FRU8JAADJI32QVS9V5RTI8DLNQC3UX0BGVINM9VZWMDMFO3M0ZCR1QWR71ACWAE5U2BZ6VROS8D704RPN4FONVY6I9QJFMD98B0UYN7YZJUUO3QZN5N2CJNRN4QW52ISVPPYF4VYKDJT8QGK8NJVM5U59UBQ1IKHAHEZTW1KJWHHSJG1MGXJGKZDDEZG23G5OJDIQE8GLKDFEP3WAYL15ZM1QA59JAXFRFRXEJF8BGA5Q23WXG9CZM7EWEWB39SQRBADYW3FBEV7TYBSH87YBIAAXCWX2XZDQVMZHBSRS2VQ126JNLSV,6Y0S3Y2PG9XQQAMIY3W7JZYC1VZOGW4QWG6FIGR3ZHACAD1A8E5R2B33Y34CY7L8M3QINVE07JCW8FN60LS65E4HDZ6IZI58CQ9LWKVJSW2PPR4O8IHJKGLT524G6DLSFZ5SD65G702P49C5JC6I82EOI9032896UB16FWF73SVHYLHOEVCDC87G7QPZWJRQUL6F81LOVXU7MWCTEK7KN6N819J8TCPSV0S0LJAJCFOMGV74VN8ALVWFTKGUP9AG4Q5C77PMU1ERPJMBXSUPSVSQCJ0Y5NTCF0IP630IQMT025B2R656TFU9DEXHVLCHYYX91KLHY0HL9FXCNO2UV5UIWF1Y9CO66C1VYHE5MIZQER9ZDDNEPCU889I1L3PZGI94OWSJ1I5DOAQE,8BK275YAZK820PZZ6WW684CIJS93HL1HBKMR9NE92V1S46WW6S0YKPULANHJI5VGGUCMNUSMWOQQ60Z5AD4ERSM8UU5TLMKQC5BBWU23UTPQJ9SQOHWHWIUYAV0OBSIZEBSDGLHPZ5GNA8ED8UUDE28MQA1Z7LGC9Q9SOVCHLUDG53VZTZXQP3AJXJXB8S44FWCSUL2PGW9HV14LR03OITUN75OBX2M04I10ZZBUU7F7DDQF73VX1G5S4IY1KYPBEKKWM6BONTQ7SCFGAB179DYWPQAJP2T5VHLS8MAF1HKZQNJN7UJLGCEOB0EUXZKIOL0D6JHWSJ1QJ1830TS0KM4J3UJ9IYSFY9HXNVJ3EGHLEVM17JIJVWJGJFH8H0ACSF0YGNPF4XFVWZ99,FEJG3L6LROSSUCD2D90KU9S4GWO40US42NIPCRWIWCPQ8IDJWZU3NE7JWD7KAAGVWT7CBZN1KQRQT4LDCSI5T81SPO958U1U0AAGK8RQRVZ5DMIUAZCRZSRT8IVPPSDYZBL0CO58F44OHXB9HT3WBUYSD875TI4ZRR78GHFB0TWR84553OASGNRP5EYGZLH5D0IVHSBLM1GC6SS61HL36CDKFALNG1RP8FYRS3RCP1T48VM9B1P4FJPCQXXPC0RWD8RX4WWPHKLBBGDWOJHX3OF4J5W3KOLDXUQHHYUMZFFFGM1ESKM8DSZ9FQE4JTV287JXR87QUNUMTE89JZCHW9IAGTXPE6GC71YK0UNKMIIW99ZCMNOACWK4KVRETDR05J6ANM7CLFG4JO3O,MXCV8IXG62UFAG31HO2FJE484BBXVNCXWX5PRONMFWIMZ1I4RA0VAY1WBLXMD94ZY9ZH5PF22TL7VF1T5OQRBABUUN1GOF6TPG4311O9KF2SWOI1R0GB67UVLE4LDQI996N0BQP1RMZFNCRKGWW0ND8KD6FE1UWB72Y990X9ZZL50VJQPP0PHUMEEISME28BCJNHLFCX1CNDCUVAQOEMFKGBPYE65XWKAUFJ2MMTWIWDOTJG76RGXP4MD6HU5SF8MIB4RYN0Q6FDWUB41JXV0USYQBL0KS35ZQF5CLLDJXGWYW1QVJC0AN4UDA6HMWOTO8MH1AQN4GFD8KTPHZTSFG6X4DKRZBP3HOGFH7Z533919NBCYCC5WN7XTU2JM06MPMJVZYSNQ48CNLVY,PNIYJL4N8P4CRM5HXT553SFGZH6TEUXTM627U3IW8CNEM73Z22JVAZBI4CF0P7U8N8H33CQL9DYQJXW0D8SN7IS5ESLU146ESNBRHCWPNBAOM2SGG3YXL4YREA8GPQXZSRCPXBY41YJMUAOIWUY2XU9YNI8HNU8P7Y6VK9U6S1UJXXPGIOCP1RZ2IH5CYHCF6BDNZW6LZOVKGT0YL1NWQ9QO6Y0KJHJ4BTEZU7LMTZG3ZCNT0V1TU71TZVPR1KI4JXBR8CT9TULLKW7AVM3LMEVT3NSG0XKXBNGQE7J0II1WRS92VGL7DCO3JRXA20NDSLUGX4EPWSOQ0GUIKTTJ3YCFAZVU5FWLUH7J1PW804Z2QKKXXH8SCD6G20Y5U8PFLHNFA3SM316BB80H
VJ5T5IZQC9AH4ZBOTZVFVQFX9V77PKH87Y5OIZTUQDEKAAMCIFWWRCRZ09CYYBHEGPLLLED1T8T2CNLVGT669JAGXCFRDEP0XQIYKOJSTY85LE5ZN9K5XROJ8A2YAB6SV2JW1GJR1U6YNML37BGACY2Y2MZH0J8ZRBJHU52UIT9W5MITI3LK3YHBFUROY7K2M5VEDHN3CXYD9XCN83A1BYF8N3ZPRI61VX6SQZP94RCQJJI5GD9LNJ0SUGAOBEENN1D0SP57SYTO5495GE2LN2DUPXBN8B7EI2IZ6N0CNW3IYT0R1LB8PNTL7H51D07EFSAJ16Z04VSUN7E9LMUCLR9LDDKYVKBDMJJFJTFZ7Q280U69VNI6MBOQ2ARYQ7CG9LVIH4VQZQEJ2UZC,VJDLXMG3543A2XZUGWUPABBV9J2BNY4R2ZIJL8HJ6H5T7VF5DB9C4LRVC28RHP2WK2N5BIMSVAAUJI75B00QTO6NODIGZIXAJRL6BK4CFRREJT3VY2IA7J0NM5Z6N1JYV0ZBWC06Q2O4ZB4J7KEJINBZNBICNHO5UXFPT7PSGBRAB1KM7G9F2SJ2SOKBD1AS5F8NPHKLVUVARV33ODSZB2R72WHIRTQ93F6P3W1MSWCPUFSPT1FMAVQXQBJZKMH0TW0I7RAVEZZ99DO2718P1FROBM3H1LNN7042IVXNW34NTKA6DWQ7LL7F6P5Y5YN3UR4GFMR3VVXLNW9H6H9O5NR9DNCZOZ8RVF3YHAYTV2JNNN0XI98THSP9OULN6YRA5LG2CPE1L2KZ9YZS,E0SFRGURF4WK94LUMLDZNFP2L2T0CN126DNOVAAJFVT44RRBG3TKK2VTS21WO9893K4ZL5ES68AVRU5NMATST1MO9DA4QS1S1955TH0WKE7VBBF0Q8WFST4T2O8TPAL80DEWXCJV8JUUM3TWGBQG8ZMJB5YGMK5YP27Y8HV51PRW04MYRKRSE7U6WMLNHBWRCTJ652X5T4K8E094FJDV8OT0LJZ3MXA7PQA5WQJ36EKO302O630130ZHAMZ8QWVK09Z4ZRPR2Q2PMYUISVQ45O2E6GWJVJZVV10A33RUNA4MYU5ER4M6JTPI0NPE50ZNJMS0E1ONDMR68RYAEFGXCDJ549LACK0N4C62Z8CAH7BWBOPIZNQA4EJHKFLCPZOZ8OLVSZPW34MHA6LP,1HDLDN06U2R5HML2PNHIFZL3C7ZU0D2FD7XC9XV2ATTCJ2UDR98J2KZVNM07YF8SJ88KAAYXZHSL8XC0HERC33KCPS0OK4W1LIES90JTRWCGR4UOW6APLWU7DDE9J7PMFQS6US9306OJARIEG8S1N1DQ5H7G0FH0J764VM5YTICBVTCL34KOVP02P06CFGGT98VQKZSAH02MZQCP05LV7HNW2M48OER8TKY3J632GWK6NVVF3HLJU0CH65I61UZXER2GDICGED5LIWUM1OU94Z1GSRZWLN8B17DJFRCY8IYTPJ93ZE3L6UD3YEB7LIC63192MAXH7TNHK3SDHNL27V8CF1989784YNCH72Y8WISIA49TMKQI68K5QQH2EQIUR69NM73WZ6GMHWPR,3HSLZSS5NTPLGGNEZVVODPDLW1T99KR3BQ651VX67YIG8A2M4RZ6MCODDBP0ZJTORZ21BDLYFVGSC3U3D7Y6ZU4G3E0PM62VGT6FNZ5OXSJKWBCC96DKVG9E52TYAM1TQT2WLEGOM7P14YKSD7B14LECUI988U7MFVTOLLRPAY61K2U7F2REJEVPRLWTGSB09L7NM8GQD57W9SUWGY14IINX3DE1BKI2GI13T245ZVSDS44C8CJ7BPR3RNRVRQY463QSZOK5L2KZ7LRGO3G8JOJL0XGJ5HSU92V91NS6AEWFFLAJA2NFZT8FMHZRZGPVMUDFHU0GOP9SRX7Q67SE7NHKMMNT7JIWKCJ80YDGI7ZY7AGDT5CMN98K14CDDRVYK1LVNO5CVWQWLETF,IIBPC4LOS4LCM90EJVCAQWH1ETJC3L4492NG215SWORHYDYJR5HCAJ5JU6E0QWJXG2L0BFUTP545C09Z186JXJX3MKX80IRV4RJNQZJKKLZC29GZQRZ4QYNCN3U351TZDU70FXDLWC8CX9C2ZXMLK2KPE067NQV57O5BJZU3IBL0BQRU1ET5WX1EW5E35UH29RXKD0HBC9QH93P08IYZYOM5MK9R487SDGM3N9Y1LOH0JDUV5CY04RF6JKTDNBCCCO70CDVWZHHEJ0TEPGE2QZSSTX5IF8DKYSTPUATC0AEJYL4GIEHY4N9FZCL9XDKOL9QPZT92XHH6N78O2AFF00S7PKYLGYA329K4OCHXSW43FUY9GVTQZTN636ER88MC2QW281K8WT044N1B,2BW2NK4XO41XCYGZ2HC0JB2US3NBVP64TLP96ELOHTOOK2X1CHIPGQBXGVHM5TXQT6WO3YVKUQZKONPD701YIYWD4W4G4VRAF13Y9N8MIMHRLRRSVG9PLUBDIZH9ZU3JE90OMO84IMHX4BROHP4G8WI39XJZKASGP3YND49M6LGL59R2SB9P6T5YACIOPSE3T8R0JH7S5KFOXD9OZRMGMBWWLXJES9RO2G9E1V6ILVM3MWRV0UL3SJWUONSZ7YJ4XWG2495THQX0QAA6HHS6I2HUO5943JYVNE6XLNDQP43C73Y8V9S1XC73JJ6RWNCWQP5R9FLDKOCMKAICXSVRNJ61ZQUS8MUUCB2EQKTG074DL24PPCRHL503CWF7XGRVH5GPGXI4ESU1OL9A,MKA3Y4IB6HXU2WQ3BUTO93JKJN1DVPQCTYA4TBADWJ0RNFHH83TRZL28UWKK95I1HAHRDHEO12XVQ0LEKS0BALZT7XOO49YUDPH19QUQ3E0BJ7ZE416WIB9YIA6UNX2PM6CPWD0CWOXZMM818RCELVXXR7AAF3JGE4V8X4EV9B4XP4TNK1YXVZXIMTOURYVJEMRZ0R26KYW1XNDWEOYGMKCYQSXDPPPV9GJY91MWHA9WA2ZTCB405Y5RW58OYEYS9DBGSS8MU60DVC8WHBWIJQ1KIXR7KN9DNYM8Y94BT90ACMT4JG8239M2LTD26V0Z0HI82T9CA827TD8OPQ50R0DTIR04HG8VPH32OERRIJMTUO6PWWIP2E41W9Z5J1DW0IN9N3NSM6F4POWA,804QQFOJOC7R61XXJBX4E862XSEU0I8J2LK38NSV09400XSLB9TRMQJDPX8EFZP82KSWBSNH7DN77YA0ETKXAZEVIYDPMFOQT0H6UUS38299AAZA708VG3YIVQGOQ14IWSW3EXUL37F4XSH1N4B6DAN55P3EHOZRNDBD8RFPMFTQ7600M7GUBTY1HUDFFLD6Z5PUGCFSDODNH9H3OR3QO7A6X3MYEWT8K2N497CS6TSQWRQDL3LGWZR0UOCN1J8DXD0HWF2UOEHD7G2GAN5AW61N0RGQLXVPBHE3EEC4YY2CYQ3969PB6BX6HN7QIG2MCG5Z3WB989IC1R7W6JE6VVPNY9HYG2W0HCUT1MR0GC2FH0OUIL6W3N1SSMQAWB04IENM3IT5NUTU24CP,ITQ39J23PT5ZJSQ3IHWBW9LQQ6AFJX1TB6GC57L0LSQYQU6BVT3Y1MT6DB7B78AP9XRHCQJUQJYX3VK8WSIZRHOLJRGILSOJRI8NTNSJEFA28JQ3834HLZBNSIO7FCWD1JWA8CSL582QN88HI3Q3CW3KK9C3XAL9527G36BJYS46D8648MY2SF6N13A25P0EO194AOTGV7VEVRBTOROKF080HU35M79GBOSPLUF0FFHLI20AIGB60HGC4KI411IHIJZ32582OCVA5TPTUGLC8LFE5AYZ3X7D5364A0QVVMU0A3L5CJJUYG3WECNEFYNC7LYU6HFMUY7GMZ2M7237FD2L3F353YHC4SI92X0XMOV9MXCVOCXV7CXQNGTIPV13V4OMB4TRZU5OJLI4
FF7RTPGB5RKYQDDTSZ7AON2SELS880YOORQI5ENP8QM3DWLVU4QVAMHQ5E5E5P15UAS2UTENF06V7Y5WJMJEC7BDW8T5V01TM2KNOVCG0902VZ1APAOFHE8RE236P85UFI4VY8QFT5NVHVVZC3Q34SG2LD8PKG4X14JT7SIL2DJCKRSZNXZ4F4J6ZC9Z7AZJUXMIGETM79JUOEW4QRJ34D49VNYQH7IF7NHY2ZZ1K6R1Z8JVQKORWYMERC7BPYC5JPEVXPTM653CWERRTTX0MNRJN3KLHGE7XTWS5G947NH3B4XL6E4R730V8GHKJWC56TSN28J4OUKJ3T1D07NBWV4ROROB6NCGQVHU8UFADDEX939KFKT6PQKWS1TI3IRABN9IVLYR65HLSSD0,0SSAS2IBDP5D15YJZDSU5HKVXWCMIRVBXVQLN76Y54LWQ4RFG4KEC5DRQ4KWFBU96LUU7NSRTFBE81WPDJZFJOQUIKEGREH9OK8YOKNHGAJQ9H6WW5LDWX8UQMN2GPQM9XVEHELT2GAFCZ2VG3UZTUV4VREA0XQDWBSYLFBVBP0US332DUNB1QZ0YMK69TFI4KFEOBDM0PXT9UIE4KXL9APA6VDYAKMOMRAQFMPTK2GCGHF1RVPJ67OQY1CL8J4I703D85LCCCO67QFNPO869RL5Q9D1JM4GXQK86IIVVPL3HYCESWQR35S86YDJYK4SROQKOCLB7L4FL9A353A0ECBUZ6TO5I7LJZ2MCCZGMSU8YDAKDYK00KDODOMUK09Y34TDQJVUR2VVEJSO,1BQJLTGXWQR9SA4HG5V8P3ISOC9Z5SRELXQXCR7AB64QKAQMOV899MQG2RJORENGHTF9524UADK01X0QVC3FNPXDHIWZPPPJVFDCN13OAZEF901FHSX102W5ZZUHN6BAIV8K7US01QS3DPZGIF5X1DL8QW3543Y1IN0WQJ1NZUMO4ECCUKBC1G4NKMTQDOVPOU6A75FTZJSL35BP1VK5BG9PDV07UH30COI7NWMKI8WQQ2ARV0FL4I6JDCMUGINUN7X1GOJ2G23QABNUDZQCYSF0SA2TW0WM77KRVMIKUY49290EFZEUSA3O7W2HET78JPVQ8UWYWR976JCPBJP33FZXGO4SVUFSAFZ0Q3NDOPA2U7OOBO6P51RXP7MFCONCHP7FIMSNFZE3B64N,W0W1FVBILB2G19V463WK2YTKBNADPCQ0AR5MWMVI151LPE1JM8KYWQR9CDT5VEJLP0DY7FJKQ9WA84V97A2J56BMYUCY94WLSBECAWMNRJY0URGKU219NF4SZ15PP6BYR2JHSHUOVVLXFUAOGBDMP0A5MVH6DO3ZHO5XOJMEFTOOHRRS0B2KUI90KMXJ10X2FXQ66XN4JHO494DEN4PCJ17UA4S0Z5Q9DIWTUVIIXGHY0QENQ5N3ILMBL6JCV97J7ZMMY4HZIGD53LIDZ086EHHKWS899WNF4IWS9VZRFK1S9C8QOBN60XB2Q7ZACMQME7NEUR3DNUAYWGPYCJPOMU7H1DD2R024Q256GPG0HA9B3X6DQAPHIFC0OVJB10280VPVULDZ5K23SUJ9,ZXF350XU8SKNDMA6RL8FYPOL8UG132A8RERPGSLJUR24HOIGOXP14Z0SF2LN878XJVUDURFWHEYVTSTG1SI4DNTX8USBB2JU76EGLVLR7IJBNK6RNCDERCWOX9IZVVF90YTICIEBWDCNKXCJWRFTQ55TNXHB5YVRX8Q64VC7CAZFTKRX70KB8U7DPHTR9ER0GQ8RAD88BYEYLJZECUNOIX1VUHT00F1RR1UL2GU7XXVFHZV74JLAF1DSHSNZ99D0N28QHACGHN2HVR0XZ17OYZ36Y4C0JZUR1TK0JMEMLZH9WT70Y4JXQY0VV90F12OO6S0TEY7FE4WCHPGBVXUD99B0B0HB5U4A4BQA6M19SBQ7ZR9PGROQZM1Q1T1XATW9QQ6YL4RUGVP36FTA,TUAA9TP4LGMG4PZQ1AR0UQM1H2IOKFX4NX7OTQ2NDP5R53XBQDBYR3L04G572R14OJ75JJZGP2H86VB9ZGQHN9Z94S3EU69DZSRZTSU5T4ITTK7XZFMBB50HG0GN7QNW5FUVWANF121188DS7IGB6VGV53SKL8100IX950K1WOEHPXJP424HRBBHYKN8FUFQZN18KG22K2IC80XB40XPKQBSOP0EUXHI4CCGAOHA3W81MD0WDXRS19ZK9Z17CR0D4KF5RKFQRMDPL55COSVJ676SEN7EWXFY5HM2WO8VBM9DXGG1OGSFR8IG722CAEPTC0PG1PCIVERD80IJSMJ71JZR90R3OHV6JB0BWYGTUVZO7XNEPIXMD25D68TE6ADJ5440MLW497YPRDB9,HWJ76X1M7EH6CM9GAJNQMZT5EEZXX2DJKV2O42QOVGNQWC5MFA8Y3XUHM9Q5QT3VMGQ1O6XZKLCPH9FVF9BCLH1XO1PWDRB8H9HLEY52E6VA9PRA1F3UG1XGSJIO1HK2ZM6FUCUHB4KCE4WLB70N00E87B6XF847XCRNQUV5D1OK3Q0I1IAEK1MPLSOT53UXSML70P9QHZCACQFWIRWPJIVVTQ36PGJKJ1CLZ7QOC2SUK7ROLPE5VXU9RBS0RY02GK7EGP22X3JT7UPP30LA1PXKC9D6O24ICDZOUY0XIJPGW8LCVOKCXFE3UDFUJ39G5HTF5LMNK6G6XEHUFPETEM3YDM11AC8UPZEEEWQES7LGGG3CEBDJVXOHAJ488HI4JKPE4CJJ5X59FF15,8IGWS3H1U8QYVFNXZ7VUE44J3LY514JU03ITCEGTCYGSYS01J2ALD69IT4UWF82JEV4JWRTUSNOH6GRK39VKOKBZ85CSNSI7E2DQPZBJ9RYEWLNW7VQC76IATA22IDMVKWHL415S3D9L9WSH6LLSKDSG45U0RR368R3Y4VHQKWYURTJNBQNIACZH9PR51IL0FEKXF9L6OHS4EKTP4HJFOMIMTDDCDFEG6HY4F5WNK8X1PTHL1MX06DSMFLMAA6ZAKRKT67AIX2KTH98FE3WLNLL0K5WHUGMVL1C8DFVXTGC5Z93ZP4KC5X87KADTERLQ49KRA21BEWYF4Z7FJKO3W5YP7VOM2YTYV24962I8PT7PLS6PZZP85GNOD7HHSU5B906627NRXESMULZQ,35YCXOAL4C7ECAZ62DKGPPO0Y3ARUWLOQH03MD1M2DBWAX2DMT53DSLOLYTM4WBL5Q7LJPVCA4UKCC8AS9TQWSUISUW5ERXAFY5PON2RPGD7OMO4X385SJBYOYGL7BQMW8JR65NJ2I37CU8285E60Q3VHNG92H6RGMCIE0AJCAF7UVYK4E9BURQ4LHHEVNOCBID9M3Y5S5Y81OUQ5GI04C8VS93Y8GSEGFS8AKEXASCXVR7QPMEAMNUQHJRHLY1BR3NZDY0CRNNGGQ4WVSJ0LZDV6PFUDG3WYIFNCJVEHO1UXV9FMSCEQCC22UH387HL93H7XLZAV79E6JL2AYX4U9PPJRW1DUOW1OOLY62VLAVA409SA2AV35QUV3DIWWXJE5JQAJRZ5HDR31GG,BK4EZ086LSSGL3X3N1RDTP4IIJZMN4LWN9NWJKAKWMGLGN6CSZWNGJY2HG02GL4A889L4VYTZZ7Z39PGZ3NYN1UN95WO6Y8BZGYX1CQM1U8U9HNZPINHO7KUD5NHG85H6ZAUQIQR0O2RX9ZSYULHLE7V7DH1KVCVEAILK3XJBL5H8GURH98ZEYU3VU4WPJRBR0110G9PE9IPMAYW3XRE88BBC6ZMVLEG6CZDETXKWR3Z6ZN63F9YM2FMBBRALEXX9ZCW5RSKV6LX5TI86GGSOD125LWGEKDPDMB5JDK03HDV5Z8P1QQ9JFCPSAS19NLM0O2O2H6MHRY9BX9B1JIF1L8O75QVCPH9AP0ZNEUCXE6LGJ4U55ZXOR84DDHQ0T3CFDE1VGQ803AE3N7P
QYN8PK5GSY7X0TUZRB44R9HXC0X18N31RQPG618J99KWYCSRQE9BUXMKJ5YR50E3MEG3POM213T0L8PVH09KGW5YAADLTPXSNPXU1OVMJPDJWEIZ3RBZ9MU5Q03CEQ40CXB12PO8OUP5RONSKNCL8BTPLLHFMAWVC9C9T0KVCMOWBTVA3CNN0HO91FOL2RPGYBJ2BS2R19IGMIFGTUM62AM4B16JVCPVWFOVB4S38Q4G0G8QZZNJ5DFWGQ34ANI125Q9VIEDSNYGYQ8BCZTMSB29Q9V51UIY1RW04LK1R71L3JO906XWP6TPWW37JPLK18RJMUUK1S9NMSQ1U9FZEDNVR2NGWGJTIJXV81DMW46U9OVS08OH6734CZ43X383SSNN44TJCBF3OH0V,G687HNGQBHMBVSAB3LC510V0ZXK6XRWGIYB90QQV4758TZRZEFYHIFYLQRBF836XRO48ZCDQV92SIBVJDD7Z0MS7C19Q8HJ9C3ZN2IZ9GYWL59LLF4R9JLMGJ9GPIL4ASRRRE2HSRDWGG9GEBQWQIKVOXTHVZCC60RVZSOLMP0FAOMC7T1APHJ6APK4JMPTG10R5THDQRAIBJVSYBEPF6J22KZQTXNHEPZ4F6Z3WBDNI5BJYRADPHROHUWTVFJSBF4IM9B5YGPMBNSESQSLLXIDAPK3XZ5G17N5CCV6HWDLZNEHESBO715F2MYFLJ0C6M70HHGQ7CKVHIG3LXRX8493DMFEP3EYPUYJJQ61K20ILH7L7P9H39D0WEGPU0PZE7FRBKKVL1URUVGC7,FBXQYR9HB6RXWYNVQQDDZKFBHTHAD8JKOTGC8ZJCEK5OPJG2IQ1FU0VM1EMUQRR6XMPQXX7GS7NBBGKORLTUFSVXUS8SP3R4SKMBLXS1FJR8TO26TOLPMNL8A19G8LKQUUQOK48R6HHW6R7UJM3B9X6R6PP3EE9E9QR3931RQF5OTYSTE7MFU8T2KDAHRR1Y979IQXV6NWM0IXLVSHIMM40MCALQS23A2X2ZU6XDZHV5358XO1ZQUYO3650QNZYJL9Q7KTYT18VNHBWM9SDE6DGPRFWCQ1CT8WCV8WAM08F3N2CS7MX00CCKRC2ETTDN9X3GOJF2UMQJBB8P0IAXD5X19JQ9I1Y40F6XS789I98Y1GV9P0X67SOO9L0ZDF50SC6NGD6NILAY647J,YOMN75LAYNIEJDB69MIPGBSO24YV0HEZXH9MOXRACC81TGPXDLNMHF0VC1DCJXS8LIQP5DSQXLM1REZ1XA5A3MVCQMR2LPDR9O2905SOLFC6XODCB0NX8W9WWG9QC94AFUDJQ5RLY660MW24WR1GUKBZQFR466MMV6X7WJV1FBZ1D0FHLX96LCIX2AF7GQCBAXHRGOVKFZUIX066BCLA1M6B52V5RVFRUFGU3EVXNWVRAML4V0H922WI16OZX7255IP2XL6LOOI0H488FK11WVD418X0LZ6I1PLCCNOCRPN6O80HP3EQLJKPSERYUHJCU0F93L7UFD8BPH1VQVBAFGP5OEBIRL8HQ8F5J3C03I89BSK0O7NDIMV3DANQZ6X7UEIGEXIJ15F0X86D,STUK602LJA8ZZSM4A8M08DOHZY6H6ZEOXD9TM4RKBW5ATLC8YZ8A4SFVAGOPV4V7YW14PY8FWMXHZGBT5FMKU20JNR1XLPB1EIAXZT059AHUMHZZBEB03NGGOO1GM21678NAAOKMTC4K9G6QECABH7F5V7EVE7V3XAKZGV5VU1M6JSXME5Y6E3W64YNPGJPEB9I5HQ12HWUB77LWM7LAORNW1JPUM26FUWDG26S7DOUU48H7TG3AKWHPDW1LK6NT9ANMM6W7QFMKMRJ1TUZAUQHIW4BP4KC32CZF44AAX8RLFE5BWO6OOLDKFATZZRHFX1K3QCZM9EM1OL0OTVS8M3DKA8UM7ARTLU2X3EBW71JD1HBBNTZ6GYQRN4F0K0UR4KG0YBHP2F4UF6QO,XNUWJ9IETMQK3M4ZK7WW3SLYOT8GBF5V8Z7OWTWTSQT54H7WA590EWU8VPFA8QU7QEX6EEMBLAAI3UG3WAPW4OR91UH89XLSJK2TEJI5QZV9OICYZXXSLHYO1RGSWU6DV6GQ1PUIKFSWOFWWAYM1QHJMRLD1MD5K02EKH7V15W9UE1OIYWG2FHBP5ZLDTNV2MUOYYP9DE4MOBZ9KHLM8H7JKUNSMZGEJGNJM0DV14M1VHYQFWM1P6VXQFOOE5R3CW6J945JKBKHE8VQJX11WIT2ON88518Z6TO8D8FB6Q6PU9RNE00YYU95ZEZBIIN21OURZ3DGJ7Q19JIZ50AEJP4EGAMAK42Y6S17QBEK2JTM7TA4LW7KOPMZTR2Q0BHJP0KTXSGM8S0SRRJKQ,00CEVMIOITSJSAJ1L7WT9SLPD5ZQB8DWNWS5WS3YIV7GGZYF1HWMD3TW76D1LD2BDILGVDUFMH3JG4HP642BW16PUJC0HKES72LMGTY8K5JU8P4E9OTS7ZEB4WL269MFF4AHCSMYDJUMDIABD51X57GPA112TS6QS4TZZLOSNRNE4TN2U72LHWYCR21TNBDVX2UB9E5SNWKZ6ARSEPFLXF6A887IF2AP8D0WQCV13RTJWMFF1NNWRRR9EDWAM3A4DVHUEQ64YBIUCGUMH1J2IY87RWEMFSQ15IMRHJB0FQS9Z1YI2DPOKN5HSXHUA9WGFFHWQJKOHN91H3BFWM4ZXPUAW500BBD731QJQPKQEPNSDV3SD6JKBBB46810C4Y42RSFTJJP2QTFHQCJ,2I4YURTKEDSR5AGM2TZ5I7U4OVKYC7M7I9Y29DM7C4BSZVH10DL4O5Z0HKIR85YOQT9U9RPWLV6LXWXZLTF2AWWFZR229XKZOEQH1OGY4673H033UL27O8JRX9A8U40GDJH314X6V5HKK95CWPQOO0LR07AK1HFA1V47QQVLGZTT2F7V078QK56Q770ISNK960E0N132TBSBJCNSQQD4EA8RESZM125BOMESEYOH6WMY0FQI4IP5EDGAMHUOXUIV938HX8O247ZYLDPJ9BEIF9PKKIPVTL8EI3PA11GB5LG5EMNS9VWH5Y6XQ83EKTX245FI4COW8LL3TGQRVIXBNGTCYQ1NIFV0NE5EQOMHFELB11IXJK14LUCSE1UM1AH70LIAFOY0WC7WXJ1F,0ZSUM5PROIS2ETJTN4SNQ3R5G4EMY9L9L4RU8GB1ZUKF74B55FQCQHZ3URMWQTIRRRSE6QC0RX2Q852V3SVDMY9D852JB2M5BWRCBH7539N9W4ELO5O6BW3V95CBH5HRAG5JQPDIQI7QOZNDKMLLGS16GNM4JJLPRCJMWM5JUM069GM0CFI7HT4PNSJZRD3U6OZV1GXARJ1G3B1VL0B90TEGH8B5U847QA08JOECVOURXU4JOU0ZUZ0K5Q4M627Y7H7EPWFUSREEWTZXHBJTHE0IQYRPIR1ASEF2MOTMOWECSPY64O8T6F66EGNGP6VKHZVWDG5P3WN9DBRTSDGJA4H1KZDUYX496VQTQGOSWKVYQZLVVN99TW0FLSKRX95QZPFVKDOBKIZBUAAF,YH83OOTO49JC5IGM2EEDNWAS4IGFXRCVHFEK7DBSII712GCASI1Y204ZYID4FS020WU7PPOE4XOJTGSY8082J27I4GQ1L3D1O0SCF912FU5AI8THQRP1OISBZHVCTDJO1ZXZ9LDEN7AO99QT4GZXCKPCIK5LPIRXANGT0INB6M8OJCEIJ9KQB0XXIPXOZK6MJSVAMLDQ3C4WPX36KLW4W004NAJADV70IXD73KZH4G5H6AI988YZTOQ9KOQ0NY570I0PTIES2CYRNFHHRD4H0Y9Z40XEYO5DEQ46CPFW5N81VHQ2CJPA3XOORNDZ22H9KLQ9TBUFZG2M5333WRI0M556T5Q22SMWIVHFF0F5WFIMA9FOL4IM76EEM0YWB9CL2KKPSGVGY6Z1SAFI
52D8YL7QFKG215C8KS809039S8B389OR280DIQ194FAU3JUDIOF73DRW3ROUFKST6CWSPYZX6KJRFECKDK9I0H68IW1047874ZDLUEFN8S6KM0O8FW9B39ISDG8OVDVKKJ5NAT9N8PGEDB3LSVEGWM1D8XL7O2JKOG9MYDFKGADUBZ84TP1OGAN8WT27U6CAQCGQZYDBPC5O3ZEY1HPWVGDLVHC7EOXZECMO1KLNFF1DJDK2Y5WCM2074SZNPBJTFUW51V31QJCP22CCQKRBFTK0CMY024MOZ79HAO33G4UVZ9C02Y518T3YTKDOP6VSSSZT6MSAQFIINBVM7MHUITRSIS2KMS9B91LNFE70P88HU1CVNKG4ERLPRYE2Y0HCOLST9CXBV1CT9L9V,AURA4O1RN2OLTGDE6EDY2OIORM5PJSME70RJU8QQU59MJ40WDWTT6OO7V6N2MTER29M6OS8PPG57XB6Z3G9WUQ0HN5EZ3OXV1732QAYJLO5WXMN6O9SK4KM76JXU44890R38V8QSLQX1YMZY3U1HUKZEMWQBN8J8GV4ZLWZG1BRY98DU18WA2IUDNAS9G8QY8HZ3409HWOANTKI1WPDLHBTA2M4F3IDANE7GMC1B3M9OIE5ERC675AJJ1FOD5Y6Y97A3QRB0SF8MT2Q1DDQ1R4KR9LJITSI3Y74X4NOC7Z1B1DXY5ZYSXCQ1QKOGQZI6I8I52IZ9P3B8FFO8KXMB00DVSF2HZM9DGQZ4C3LWJAAYGL591SCCA6KBN4DEGSVVTXYOILANYPBCNRJX,7PZDYFU311A6T60SC550535OW0B3U48Q5DRYT0HJ1FK0KK9NHMGLQ16FD18HNMLO2VQXWTK49A91VSS3I67G2K2OOPLII1QUN91JY3G2DHSVHXTM5C8H15Q56FFN48UTBLTL6HF44AXXN12S16184VDMOW1M9L9173287NYMUR6EXHSQQSS5LZJG2LKBA04MK1H1UA9CNPBCI0EUN26BDGG7EAXEW2PJYDI90B1FHGF2FPW34BME008EPE8AFEGM4RP5U0W2RI4V5JQKADT4XYVHBI11DFGBWE728OID10KAEROE4V2F6QOST5NUHZQ2TYAX149X6YCBO0C79V3FH1YCQ1MEZN68MKNWQIOSEFQ563PRROBXQTP6J7SI5L2BFFBAV2JZVZAVHTIY,5WLD5UNI8AAH4I6BRVMNKYM26OCSZOAW0MFS8J1D5DGDSWUCT2HZO41TE0SE0K8CDU5YCLC0C9SMPYG6D7CUQNTZ72TO5K5F0Y9U0QTKXYLW02O7Z6HIP824SD9JRK3B9QOGFB71L4ZKIZ2G2E89F5GIO1S1CWUU2B4PYRDRQJQKAGG6FGBRESIG39BIP5WPU22E7XDK9W49RUWSYN3ILBXY1Q4LNWPGY3SDWF6HF0V0ZOWU8G8ZJRDYF7INBVYWKPUIX0X0MSJEPIRFZNE1Z0XAKQ3XHGZWZ28CX9K2YZEISRPNO821K72N8N85Q09O93BEJWWIOMPUYTXXIRQ1QMAFKESU7QCYOHNUNLNUOFYRRWSP0NQ59G58AE2V0PF8L64IRIT4XMF0RUTC,427923YCK5E3OR054DFAS4RRMQG5F8BIQ3SOSQGUT74XX7FMHPJ5SKBU2PP4DG3BG5Q7HOJ16MR3SZBYMFRYUSMGCHSJEPTZG8KA0L6CP9RL2BBZODZD1WYO4H5JBDBZQCN1UWSFWDWF0ABDU0OG0CQM6BORI1F17OXI62KY7TXA5ALP3BN5HAIU2QN1T2INZ5H5B7F5A83PGS36695G3CWLLHBTB6LN0H5F6O8VQ1XWJ3XNBPK5JBL8HAJ9WVMLMSUQ4QOOCSZFL7O23BQH3108GWBEITBX2IVA42H37LOMOGCVYBJ2XI5XC924WHVWPCMHU5MJ6W68VCN7XRDQS5L6XCGIJPSVINQG4DB3ZS4AEKG7TQQ76IM47NYUCXGYRXYYI5SIDWOJN7JZ,NXTWV5JRUJL29NT81W22BWX0G02Z7VEAPRZARRGX0D4FFNW9PHWXLHBLZ1GZL6PUM3QSWIYBNB2YEVLKIR7L88F68IAU5H26EZFQJXPCLRXSO49Z1MXO9JKERH2KJC871FR9W307B9RTOTABB5WZFXBF677P4UJKNISQZN3SBVMLBDKKCVG1YAT0NEO86HZMAUZFUMZ48YF7XDQS4Y956UHEX8UGSUMRV9GIBNHD0EBCV87826ODJIAUCDKOMDHQVGL5TP7V2TNTFOLMY3PKK4ULRW1Z9XQC18TQI2LR71262KA8LJ6HS1HVUL310A0LAC26G5D7YZFQL5GPGLY52M224IT6R19ME4MUJ5CM1J4SRTEII0FXAI0ZVJPC6ETENAA9HACQGKJ7AZ3K,RQM0UJOG7CNYFNETL5811CAVU72EQH283URHCQ4S7QGA6MFIS32N6K80SZIAL080DRQN7TMMQ0KV36B6GKY67SDAMKFMW72U8575B7LFJ07ZLKHXFOE1F6963S4UO23EAMQ970IRZDMFPBIMJ7ZTT63QLLKLJFUGYBZV1CNERJ7CYLETFPW174G5J3GBA2PM71QIIXA3ZT9UM05JE0SOB5KZDP5JND3Y8DFCBAMLQSK9JFURJ3JTHD54XJJQYE5FVZYSGTEEBOXXBV3GOXQJ1LLPH7WRAJMVZBPDGOMTL1F50TK5MKCLYOZV5E9ZS7M39Q11O01ZWVYW3ZREWEOD60539J6SX7LSQDR0UQSW3L319WE6RSABURVWEV7CQUP3EEAG5NHRGM5SN08Q,OYZ1IF2HGNYCIMBI24FU4HWJEPBCGJE21T5CT0SJPJSK0RU1AB0BBT4F1GUZFN9LDA6KMPVTJ1ZJLUFFPXWZMR0WUA5WTV3Z2QMCMFIGXRVWQDCAU4NDESSDXQJ9ZATI8UC5RY6YDPC1LX0MTXEBX17SIULYRVRHU0TP2L4ZYZ3JUFBU0E0C4SJWXEXZQVP3DRVQEIOI5BTYWHK8VG2K7MCVUPSZE6FQO9Y2KK3J5YBLJCHL39ZGVQKH46TSV978I950TRFO7VAQ7IGQWQTRTNUJVF44F1R7YZGJ4XXM16JHJ2YKJ9I87EA6ZXLGLA9FDXOUA3HTQ11DGVJWCD8HDD52KVUQA7HS5W984A0LFVNNWVLPW6PTYKCVLJ1T31Y80ASJUY84YQKFIQ9S,S1YFLBB7XSCV18QAJSUP3GDGU8XPZAKHQS7FOOQQHIT4TJ1NLU96IJSRPGSQEQB9E4EREQO90ZCMPI5C1RUSBIUVPUV8FHMBVW9G9I1Y27ZM5TJA2OUHTCKEUYH8E7TG1WKEUNTPGBJIDMDID0AUMT5IA199WBSJSI2A9IS7KJOK9CJ2RSEVOR6IDMU6EF4B3BWYDWIEN1QWM500AAXLQU2GNCFX9XSZYKUV1XESN86RKUWN56CYNWEVWY3BKFX30VI5S31T814GMZ47ZRFY7QDF6R20T7VVCZKZ8ENWDDENTLWUDEKH9JZ1VS3DI9Q8FS8GY5LMASI1OXFNQSO7QKFTT7UR5LQJC82ZESID5Y21EGIZXI2M6T2G86PXBUFXSX4G475YBOIQ4MI7,UZMBLVCD96INTS28RNB7878H42AZXT4LV12FHUGJBXPJM4IKHOZF0MFWPX9HBOKW6XXK3VC2NN6IMEK74GXX1IETUFC6L16SKLKX2WB50EM0DXONJIUF79U8NL7MJXL36MCVMWIYVB68DHUHZGMHDNRJ9CVFA38ANU8LG4R3K09ROD8QD25JRV42P68BDMZ02PUZA066OENCD46JWMS290Z9V2KAOTTZKXWEV3HLIA0215BO60H3N04B23K7QDLXTZ6FLPO5WMVY5WOU1QF1LAR8MQS1A2R30C47KYJIA35J3WPZH9H3TWQ06TWI7ONCBJ35S01U515PM1T0XMX76IOOMCPVS1ZH4UKC66JZ64SQMKO4VG1D3BCV6XTA500DN1I49T8FHHKDYMLU
V00WY9U254N7S9SNYNATO0GH3QWWQ351YXPH3LRRUK09ANR9YXLMB5PS8ATAK79J9HM3GWZ9SLN2HO3L8BAALEEL5Y7KYZHHK4EJM3OTS548T6ZP3SB789XZ0DTO4T15VHSYI86IP4TJGQ3IJM17X87KRXI27TEE5PZCXJ4NPFVHQFVS32F479TG7LPEZ9BICA3J8X0BPPR77UPZE85NIPDVBF8YV0HCNOUAPA0N4ZNHNE5L4QDSSY0Z9M0Z2UQQ2BENO4P7JOFFA0EEM40UJVUF3Y9GP82MR6LIRMBWMHX4DXGL1I0X0IAFI77KFYVKYBE50E0KN45F9JOWFPX1RO0GRNXMBYHY72HTDX6OY781OXMPUUNSPRX3BR0TNNZKOOQ0EM4XB6JI6L22,N75Z037TEW3PCUH9QRJ1XTT1GU4ADGQAUFFEKGPMM4YR1AZ0VID8QOITD4H9U4LLEXQDBINNBUUTF8DBDRI292MO6NCZW97EWUSIDB7W5HWBS482FJDYNSJT7N89UV2D6XACX9LB0P6FL766ZKSDX6F1TQCTSNICDQFBKOER8T95R7VLVFXESY4YSPCOELUVK9LTML5J8U0E5EB7WQQIJE2UW2G2F3TJA1HD3EUIWYMXQ15T8W8B2QG08QDNSBS7C37RLZ20CNE7YJC7RFAL4YHAMU6QW61FQDTYOWR1U8G42D331PXLPKHJ8T0BZTN8KK9VS88JZQVJZRH5YXVWC8PP32GZZI1RBMGRRWLR4UJZUB5LY4IPHMAUMX25L4AU068XJAGWGNSF7PYA,F8AF7NSRUQ3AXVPZ1T7Z01BQIIGBGFBF0KETK8RVUX443KP42LM8W1R6Q8YFH57P9UWK3KU4OWYWST0MTTZK2Q4O0ZZ7H1SND2O1ZRNZ1KNO7CXESZSX2YQYNNZPXUZ3YEA3KIC8SCRCKXEOTM1L81PO9VBLWGERJDTBVTGBT9UQJ4RX7EVJZIZKT1S3LLLFGE1R1E54VXPUELB3QZ4H48KW1TNJ006UCBIO001M2DNMAGBQ9YNC6YVYL62BMLP2HLGCIRSF71RIRXHXXCT26SKNJJ5Q4L3PHZ73EL5NK3WWB77VHUEZNKR1UDAM51G6QMB7C3ZR37T9FYLI6BM0992V64TNL43EQ90O9ZP1A44X7VFUIOT3CCH3S2GNV9CSC1UC9HG8SGOUDI7E,UBT9AE1U40JN6YDLTV8U2FA6SAZ41G76MZHCG80ZRWBCG5ILUAX1SA8TT1CER5HLYILYELX1QEPGDE1MZGB6E1XCXTUZ4TMLGLC25YVEBY3N7YFR7Y9OSNX5FIDTFNINIS3IPV3G8MSQZL9DU284175779BV4AD6PTMATA3AT2YXCKWN81AM4SI9KWZHRLFTIVK0H33FDGCKOURVCSZX47CH316SFVED12DE90DSUI25DGTX6Q08RNI0F37FMF807FV2OB5AF94S82AS77YX650C3RJWWTN6JDB1QSLK2WKDOPGTN8MM94YLK76W0FP31OOU7Q59KCNKA08BR286HY84XFIB1DDC23DHUI2DFB4BMZPLYEYLT1TEEKY5UKK949G5X5KD4QV0P5NQ,YSUHO2AZQ5G7L8554TSEQN9KV7Z6JQH8D4RKEJGLWGXRX2XGQ19JMZW7WKKCMH6UAY5ARX9FLEIUWJ7RPV8TKQ3NBGAO7M7LXINW0M3V54TSQXUN2SSM1J8SN3G5NNOPGFJ3J08Q0ARD1G8Q07UC8T5AUX9EZ9ZZ1478JHVSJVJ0CSREZ7R1TC0O8VU8C1CTY9FT0BPU0NUI79RG1A2CJL2RR3LR3U51Z6SDM6RT87VN7ON1SQX7IQ81H4TLLXFLSJAXI9I19KPNU115KP7689I7W9OBLNIJSE36MO6U2ZQ3EJ3OD6W7MFCHYJNC3M08JGUJTYO5UBLJIKOP4SKTO8B1TL6U1L3UCUO78S9VYA1IDALNZ4Q058HA7UFMYJCHH9VJMX9B985G7LDI,1OWLSZFO9BFS5UR0GV2J4Y9VGSWHVZ1PPZTINUW494EIF06B4LDH4YC0DHWOGFMU75D0WH1TK444J18ID9IMF27WO3E62GVXDG5LGNZ965EP5NQAOVNTRN6LS3LW154IWIJKIJSXMQ0QC2530VBMH7BLJH50GIO0I189GH5ZUIAMGN7B4EJDTNOPAPB0589PF3YRQJ980ZDJWAIHX43LAMWHLTMJS7UKOKJ0U7CYKY0B0KG8S4VFGLX977ITOXQ9CTGUS7R38GJ6ECMIZMAHQ8U4C7WPI5F0YKPFT83A1481R8XAKU0G33TL4RBZAZOPDKPXF9L53NU1JMWJCSQVY2L7O97OSI9WH6MTY8Y8JALOQ1Q2PNT9NDE1ZM98YCUL66YKORSOO3LECKWK,FBF5BACZOEA90B4S1KPVIUK2LJ013GF40UUV47TG3ARCH2TIQHL1BH5E7T2R863CXJH30NL44GUH5GXWJQYX33YV3GVO9EB8IKRB1CQO4MWXCR6A4AEXMWOHLUT8TNE6XZIR8SX1Q9GDMJB7B6ZRO7ISPF7CIK28SNPWQ4GZIU06OKN1DUWHXAXLORXCUIEQPJ62P3CMR5G4KWSV2XWLKCX9WISK4GA7BQDKU9WYLBZNOVXU73HN5AK7AUD904LVX6OHW6R7FA0FNNYI82GX41OTWH07UAOCME1LVTIHHUOIG04WKBZBR3F4ECKND85NOZ2WF4A2ZFSIO2QL809N9MDVC41B6I8SO5P5WF0LVM7U6Q1F1P8YWBA2MLMLDXXSRQQZ0UCWW4A0DFWG,7OVC48HJXWBOJC92P5I4KF7KB7PEBR4U9JA79CX4PKR4AOPWEUL57HFRLFWOJ1L0CXLXJI0U6SAIV6UMEZWR0SYEU6GMJMVSJ9JBKVEL3KATZJI47CTQLIACWY1J0H65Z6WROVNMI7WBCW86PTW51722SIC7QPUJQGNZKTL9WZDIOELC1RRXG4EZ6JK7STCZUJNYG5SH3F4Q0GGRVXA4E5BI01U6OBEV4653HNBS07KVWYZX1H479L2X4A450RUDZS59X5GRGU6IH317S7SFMWSM174LMECFCG7MA0AVZA9OQPFAIFNWTR14XFMEXXPF9CMEEVXNO0EHOPJDC6T9SGXY8S512DYUTR8U11IJYQBCK6LBE9U4PC0WWFXFC3CFIIUQZ8C0E4D2KNHM,7JP0EG8ZJW3HW2A39E9OGMV7RJ5M9FUU56A57R03YZHHG16RD31H4J0TD58GANYQHGDJNIDEU0HBF2XUON366TXWHFGIK180YM5L5J2TPK2DY9DS9N2AABAF8O87WH3NPI2V550H8FN0OA0XOL2CVBS7ZA2Y2V90D0UJ57MZQ8PZUW4ZKFHA4NDQCY67QERNW2O7876PEIXQJ2DN4R9N916OZULESF17HQCMW5UNH4FOCN73AUHDNR38YQ6MZM4MHSMU0QLQPQMCFJ8DFPVP584SD6DZTDYWOFGLOMTBTA9Y82FA0MJBXFD8NTHP4NQJT7I1NO70MXYNQHNTNJ9MZKALSDUM1YH9DO8OEQEGNTM8ZT75LK5X3DOI0V3JDWA2130T6JPYSB5H9D18,ICIC0DTGF9TEOCX5LC3B2J13ILIG22F41C335LZ7WTYWIC3RK4KNVE9IMO9R1YYSESPINHQIPVVMGXT3FH2EEMPO26IHT74W5H5J0WEMH7DRIFISXCNYWVD772SOAD6K3HF3RFKRILDIGNNM5HN6N7DWVT1EMK7ZC33AU4QBFAA4TTFYLRP307JUV9MY6OWPE0TUJ8MW0DD56EKRKA9NKL5OR2DF6N0NS1ODDTB1BJ64USRGIVA5YMJQQS0JHAQVQCO1FRIAXEX8Y91ELNKUW9EY23C3YTM5CIKVQB4N1IJ7RYLN59JMVGF39UUJVMEVDANKO3MSG93C3D9MBHEF1ZP7Q0BKQYC0T8KVX028BXT73WC359O0AI98H2XJNPH1CVLV1KUI2Q8J73GC
KOCCFNP06JUWERBSYU9CRCHVHWIVW7VJVJDHNE8N2KYTMEWW8CE9EE63ZRKMHINIW29PGDDCQIHCYDSID4M01DX696PVB8V1P0D1BHM0DXPCU46LTAYAK0XGJPEYG341QPPK08ZPJ7ADIJBNHB5BASQJ5SA9V6BHZOVF8LBJ0O47LI8CBK1JIODDQY5OI6DXR3YW5PY6E14U9FO9IAW9UGW35F6DOUT3Q8I9V57X4OYGE9TQMW8TJANCVKOUO1JGZ4YBMIMNXRSIN17820FCCRIO8F9OVDD1Z5G25YU368J031SYP7PBFD3Y8MWUFIWZ9G2CM505Z0T1QUJV1BBCS99EXNMT0M3TGL867IQZOG9GO91LFM3WEW10GFUFX7KVD6XK8YQHNS2QBANI,K6WAI4BTGLILEXFLMI7DC5V0MJ82V49L2OM4XO8CJ7JRCHXZKDYGDS538GTWXSA9JX3WJVRJ8OZ50S96CXO1DVD8OO41MAZXN8JO0GQUXZF3GYMZDPKUC814WJ0Y5ZEST7VXUW82XDWAKBAF1R427ELEBF2D98C2WJ47JFP1G3VV8PS781P9YW6SWSPLKCQYRB9W7W2DTMW0PDX8TJMQYYTH4EGWCKNXVWHNLQ3JEK1D9IVFU2TWNJW970ZABBUQBRS3ZJOTH6FSGIFZ263OCVPLT9V1F0K0RJ1NNTYBH3WGPL8XB15SZOXCNYK04H3MTHIVV71CIBE5NA4ESIZJ6E9DD7NTCV3X0UI8KP0L2HM4MQQL3L6YO8PDIGLEEADXRJUGCTARTQ67I2HM,192CZ2YO8FQC2S644CFF90W5BOAHBBPK9E8XG2RF2WPCXVSN5EWAEN0LI9G303JLUBDZUGDTPIZJO3B6UGFH1TBLW0M48ZA2Q0PT0EQLBVP3F6GZQ4CA1O9WJ79QR3MY8PFVKY81DHQ36ZI6UPNWOOI514LCTDAP8DV8VB5L5QYSYCU84C4SJ9LSDL57F6VOZ9C2NCBJWLVGGA0UMC96AEB5YLB83IVRKCS2O8VVHAUN6L4L92WR0JOF03CDFFA2W8B12NSGZRRT3KPKYWSH3SR545DWPKIQ5E7LW5S4H97IF3BVOFWBCETS9B6RBW5NHZTM2EUJYFE11TPNZWPK17QW0H0Z9XMFFVONNPB743NEI7UQ5T54A75NKQ792OIAFQ2VPDCEVJ3ANBNA,X1Y5TTONL67V48NDZNJWC2KIH0FRYGGAVOWVF733GX4BR488L3H2MZNMH727DUTDPZ5GSJHUY8CLQ96L68DK4J4WYHHUYKGO3NJQXJUJ5OFM06U14PXUXZWTMZC3S7KPGQQBE3JQ12QZB54HFKUHBFTDQ7OHOVWAN7AB766CPEAF508JPS0O9ELXSUCTY8HZYAKXFI0E0MSKVIEZT08R9U9SSAXVOC3DRSERJEPXPU0OJV1XO51G120AWC3V4E45BFIJ9OUNU534WKIFLR1SDBE701AZ3CSUAGF4HXVCUTOSVE01ES0APEK769T5DJUOUNDG3VW87Q6QRAL0D5B5RQYY518UE0JKXC957L2KXUH7ED245IHRIDH1I46H3FOE1PIIUNYZDQF904RF,QSOX8ZU374O3S8EE1G2MNUMFW0E4Y4EG471KI91CGVG82T2RELKFC4HB4W6JLC7KBYNUXDJHSXU4MDOSYBBLOE3XP3MGHES2ZIPQMWKX56OXVZ7V89RKR5CILF6VI00TKFKMQ24BRTVNYX6JUN44ESOAJVPCCGLRUZIV6PFPDGZ0OJ3HUBVZ6DZ27NP6RZBZQZH0R80J4HZ41XAMXJY2QOFO6N0XY01DL8MKVA69ZMYECCJ5X1W98UME0VAT5CUE3QSPXTOS47QRG49W1F5LV2ZDV44SZIRQ0YIFJ4JME6ZLZCP9INP3MAVIEMVLXFCBZ401NNMIR0KL0AFSDJNGEIT3MCSVBGN9O43UZ9DIT4UFZNS6XE26L1H4HL0UJV6IIC0X2LY64IH2TCIF,BNT22S1MZDD0NNUOF7H5MZ8CMQXNMG2CDRKSB2CWA0D3YHNIORHGZGGU4DD7FWJNXCCZDPZXN230Z1JFD9E9WVSOJ969N0728UWCBT2B2DB6X4SV5QLVRGFF07SZSADJGU51U2039WYK6JI2ILWF5ZQECBWBX53M0DB121V9LZIRS2IDR81D9C75XIGUB5QQVPNTJW8ZC53WJKJ4PGIZO40VZ0IC1A7127INM6W6YI1JLZ6U8YQTGUWH46E57V9WYG7JE0021LC8PTJHNB27W8XPEPJTR3EYWRZ8T97KLDU5O5LTWMTL0GJRXMLPQRXXRGVHI46P5F36XU2WAZKU4QF68LSOTSM087XTJUZP2ODYQCYSPURT88K3RJD2SIT180CTQ03P0DZZZUTA,K5VXJFV38AK409WCHBCU1SPE0DHB3FVGZBO7MCEB91GON5WPQ76Z31E5OOUDQPYLFBU9RFE08QHOL9TEJ6J0DAV1R2LADCSXOIMZJXD12NT95ACO2CX5B5HNNBLWYBDYKPB7ZOCU8YVNK1K8FZ8Q2392Y8RDQZ1QPT5DA5BWFPKJQKEJ6H9UJTOTT95OOHF45YCEA0E3FT2K6JGPMT9Z4HMDKS27UMT2IQHT6UGH4KEU8CBNC7JS76G2JVVBOSAA6QRNS1DLW94Y3XXG8NYDRTFIRQ3H0RKH0Q6CJB0K6TDYTHPCM8LA5VK3ITI3MUPR7B5K5EM9XRK153VTZ7YGV8ME27J8CQP3XH3PHYE9NRAS9RGD30IKSXHAJEG0ELVYPCGOG2W0XZWOQDI4,LUNMUJKLA6X2V4VPCCVHPX55EWY2M99TO2P6NYL09DVTE00BPP9AP103H4J78A8QHCPWDP5HJO8ACUFMYRLH4HYUDD31GMAXV2532O65R61TWC20W3B3P3WN5ASE8EIQEKJZC9QH12XQ2FOZ7JJLJ5QOZA1LQ1X6ULHQYUAJA0G1CUF0OT9NNK9UT4F9IWB80AEDU2CVD032N7SRQNGYVKJ4X3N4IXV3066LOH4JH4Y4JYYRVJC1PQVJK9AAQNGC9674LC7THBL8TNCUL2H67V5M11LDHK0WS5E0PHK6XC2GY6D6CNLCIH6JUOIC6PLMAF95KXPL7NU1KLMYNLDLQG3TBI3C9PSHB299LTULP555HZYDRH9B1S8RMPWSL57QQ6TCN5S82I1HVUQ5,55DI23YEEILNMA0S1ZIYN6DRSP2Q8II0066WKIQ6S7EKNM0T0UP3R3M16D4TY58NXDHZBP08RBXR7E2G0T5XIKILZFBIB7SIUHTBQLKHKCVVPAW0QBPFXFPHJFA8X1S6PAZQ7RZXTC69409WCKFKUBUUZXGGZUFMKPEQC9JNAQRJ4EUOIBRFOZE8ZLQO66OUJ45YNEHHTQ3V2LEWBW40J9XDGPDBUNB2ZX20YDHL0IQII0I7NCBECINNGT4377DSGOY3YJNCKR8RQYKVP9QBLQRVQ3S40M3BCZSY24Y0WIHZ07KLNT47LGBGSVHOOQ2I4DC9LJWMKQ8PUAC066MMSC44FJOVCJDL1JI03UP7D1WNU1SY2A9PWEQKSN1KNMTK2RUSSHXYX0D47KAR,N6GKEOTVOWPY46CHBQSEFL0EWM12M7HL8OGVZN3OH0RY0EUTJ365DJFGT9BYLO6J30YJTLI1VFZDDZ78TETHAM4T6R1Q83EG7MUCLDR1QBCWQJ059WF6MRP39LYDXL5T7OMSX8GTSGWHYF1RV2V9PRSUQCF8MA548SRRFDK7GD8FW7U5ARQZ3ZOHRDM57GXR8CZOM8C3FMVRK8670GLHLPAV6M9GQQ8BABFCKDHIIDD85L9VZ6B5BC0J1OTZ9TGL6NUUYKGKY3RZQTANQK3SOMEORBJ9J3IFDYMP0MB7ADJT8KYBU628OM1NM76J8HCWLQ1XLZSENH8GNIWVKDU4ORWXBHV2HCBK13U0FUWMKI9N2LL5KVYJUTG99YKO6AQFQGBHBGQDYBN8YCPC
RTD7M3T1UWTH4JADF6WRPXNFFTRJCQCHUNHL8UCOSZB83E02KEUBKQNTBAW30JUNDSHNMEE7ORLGYLVDVS2T4ORJY8ZOVGAUOZDQ8F1CY38R5ZHB57KZU5XXV3O6J6F9T3QW5P43YH8S8925YICF13HNJSK57M08BEO9KO41M6XXM0NMOK8K03NN81ZNIJ6JB0QHJMZT4SNKY0JIPF3GLGS935ESK1CO7USSEQULPO6ZSZS3ICIP0LG3SU27J04B2ZL9MAA6NTQAJORUPQVJ34H790W0UU3W8QWYFXKCAZJTOYGHKKCJZ13AVSX0T1E7CVQGFDQ8PYYVCEU0UAGYCZRHBC037Q57XSVIW9J12WLOWU7QOVXOOUPJY06QQR1P4UVT8N2NBLYV6W9S,DQZDCXQF1B216FAG7NPXCFDE5MLVJMKQLICSTTYZ74SCKS7WO2N022SZBOXMABS2QNXX724Y93QFRE56VMJ3P8DZ2RHEZ4JLQOO6GVEPYJNKTBPHFDBBUUY01LGBOI7R0NWET0DVA40CQ8L5PM70YC42KSRGW8CRM4HWZ1NA3MQ7UIK98C2NEDO05CNTQT9HAYE9GP4K7OFQGN5JPTVC267ECGKTSX65VGR9A9FXTBCTM0YWEOZ05J1WD4MG1AMJ5KFE9O0G355VLXHMCWZBIPTHMO41MFC4TDM21624CJRTTZJYMUWJUYD7BCCGM2BVRJUSHXKAVVLEY27VX459H0VQ0W52JSGIO0HK2SZYRBEQAS4UNYVU3CT984KMH9208DGVNUJQW5YW850S,HGMIQGFZ63DZ2WHLRLTFFNABJPVSRGHGVD0H9Q348ZFY79BM0SWU18WPTAD6JPW1SEQ6KDCU7QWBTLSVVEF10ORIYU5CA2B7EHJX6JI6KY8YEPWVTN5RCI5XAOGHALBQGJ3AGEE9AQ4MG48H9W3GVF8QFZBNN4881J613H30KOI51OMR1U2JYMCN1CS5734LS336NBFJGJS8WFVIIQXZ6RYFFYX4O2DVJXPBT9HFV2BRN6VWRJ89DGAA595CC496QRTFR8Q2Q1EARDAYAZF282BSY8Z3J14368PC95AO94AHDIXHTIRHET5AJF73J79Y9PBW7KT2X8MQCSB6HQBTCSGHRD84S1QZL2951D3WUVBITQNNI2N8QJYAVL0WXUSAVK0V3ZSQJUX6E3GB,CXRUVWSIPAOU18R16B0TFW6KSSKH7DUGL0RBDMVH9EP4WH5PB8B7BYL4JS2HWP3D1KSSE01AIGDWQJDGEBJG4N86U4ZK3C58VASO0K9ACYJSPJ0J6OZX9EZF5MVPQ0PDH7UHBUYC6MSFJV0J66PO71ERQKC8FHK4BDU7U5UFJB7H4KG13U77WHUPDFMSFZ9WJGI68QVNDTSPJAWPUKA2FHSX4IXKD8E918X72LTKNZNJ7FUTG9ANDV8EGNDOP7MBPGH8QUYC2B5I8F6WUN557J7U0LSI0XR2R3ZC01HAAQQLF0ZAA52MMWB6AU8T0J7ASCQZSJ49FSD0316SJCRL19ZFSQ0CXNZG1SVOH0JY8OBEC75GPGPUSKDEO7FRHMH2LSHEQNQLAIFOLF5G,4M30CV99ZFFV9WRH557VDZ87VZDE2FGT7MACC0W9HJFVGY4LRPX4BEPGLHXRG3U6N60DHVLTVCUO6KAH72N97WSENPHNFADN0IFYEBBK4UD6T6B8EU6ZOJZY2KBI6Z3W7JLUL7BWAKT6S2Y4RAOO6QY92ITM2XFZCAX29BAAX0GXIFHQ2VHUYDK7TMGSJWYNG53KJMOBHCZKE5WCB7PIJ0CZ1UQJQJREQ4WMV9N4VCNBCX0XO2OC09A4P1MOTIT02QK76MT6J0WOMZK7JO57GYNJN250VJCRP191WBL4LXM1WBCWROG865P8F7CDZKBWDA8J3OF7RO80UXXA22BAMCNGJL2D2GDX7VTX9V9QDN101PSNL9NQ0C6MRRPD0Y1AR9BJJ2YMKXDZ2J9N,CE134ZG6DCZ9OYRFAXWZL4LYAMVR88SS1LN2FDCWCEK1G72YIRO3ZH0B0SKUSGZTNZ2UIW1YITSOQSPTIKCH9U1NF38LZX9HFGI2H6AYBSNFSJBBSH3IG8RZLG1MY724WRPP1Q1W667BYEY4HPRS2T9SG0GSGQLR9UIK74R3XMBWDIK3YF9XA5TOMT63GKI4LC894B1UEUIAYQWZIM5486I8EDJZYPAU9W0383KPN3FJDXQJ2ZJ9JEXB4IGQJCBDSK4PDGQFVDPNFKSJR5SW8TMMSJIGVQMDGMBGM5H62OET59682X43O3CL3C49AV8AO61QK2NQWPFYFK5Q6PCJ9OCO8QUAO6TCO4G35WTXLFDNLDQLVWS4Y8WDIWCWSSGTQIQGO5FFA83XBW4M,6563WOMP3MAKFX7NFVMN26CP5CZFBZVW8NDVDNB3GKII40GKRMHPOSR60ZJMMVBE1IZ889PJQ0W9KHZUSA0634JFTQRMJ96O0C7V8FB4D8OTEOFMJB2QG6KZNW8SJDL6KXN81Y6XI5PIDRCJJ12J48PBAR99MD2V2Y5IT71Q4KRC7Q6BKBPCC0RX2QEVKNTFLOKT04NTQQTB22HLO9H6A9NGH2O3RRUVVPHWZKIVD1IWLO51G7ZE2FAA6O6X1ITPJG7ZZPF3XWR9HAMT1FMGDHZRJLCAZ8DDF38E508UIZW83ST9SQ0EWCCT0ZZF6WUDD2TTDPQ9U6BGDVV9AOPGNGTJHB0DA67GH12VJMAS89KHUU9L05P0FAW5GQNE7O09OM0ASTVX207WFBCY,QLF89UIU1LFYHOTYEK7UT3EYA4Q5WR6GMGSRLJ6LJ9E23N8Q7CMTNZHT8JM8YBD75NIUH2QKV4A054AFO4WK8IALSL5SUJ0CG0DBLR15872TXCP78O0VSD9W2RITEKFERDKSNKM2MP51841SDQB1PGYS1TI4BLCB1Z3U65VJ4SEGGCCTGH7PO9KHUUJJEQXNP8LIIYPZ1TGEPIOXKV7P1GP83QAUZQYOMJ7GD0KLYLCRWIGO2FWYYKMPZ087BL2QN8UCHOSD1FW0Q8A030BMD83JZXPSR6KSVH23MHJQPZRF1U1VGLGRW6TYQOSK4YHQXSIBT0SE8GXDXVR6ZX5QGMQ7AODNHJFOA3330ANRI3LX390IZJF4H683Z8F35RGSOM9TDTH23R1LEZEZ,SIATXWJ84ZPZGX7HGTNU6FX3HIFG6PML3MO3IG8PIEQFVV9AXRZ47DKHC54AKVOMJU4ZY778F6OSKG3M95I7AD434FW9EPK756Z6O5ZTD0Q20QHR6JTX8IU1TVF510844Q0LWVAVZJZG5NZ8MH1F3IRDNIRH9I2F80NQKHYXY2YER8U3L29Y2C01N30FP32AFE5M26QZ7ZI5IY1R6L42190AH87THH7B1LVO251Y3S4S3YR60996YS85MX1NMH29RJCE7BWFBXW8B8BSPZYD88YSQAQ7H2IJW5WSWZCTGISE9NI5BUZO8CP74D395K3Q701NUGWDE3DPGN6EUBVTS724AWFNO8FBVAXJB5D8GUHT645TWFWE2IUVF6MYCVOTPJWKFNUKJUQ9SDP1,GKUQSOZ0CAWUGEZ0OSDRQ6UMOAYE5BBUEVHL0FMO90LR4LMY7P057OETHI63NAQ0ATVOVVFQQMNVZM1J3MEJV7V5ULLQOT34P34XBPISOGF8HWGKR32WXRAINU2ZB418GAGQWPEQPOEIIN4O48Q4SFY7BOGO2OBD71CN1186XQ7ZN7TJP4OZV1K81636PYLXHELHJS3G8QC0ZGVM3MTBPSMB2DLXLR60IB9FCWFHDUL6XNSKCDJUSZ9BGQNYKQHF39HWVPH4DC3P3LA1KP4YYZXTLZXTZAUU3C1RYERGG21ZE5V5U7ILBXK0DZ6GYVXJSQIEWV02KSCGOY3ZUHM80407RMA6KWSWUZ62XDBKQ2T5B6OM4MTFJI9OP9XCCISN0Z648Y0EMGMCML8M
ATQXS1LSGF3I46KHH04BGBF3AZHCXWBAVIW7SK98SGF2WAP3YWFK9PO4LPBTLJHCTVCFKLRT1QURAUYEZK6QYZI3PUYR6CP1NGY94OIAOYELPAURWBED97W772G08OBQNLJYWZKNMTBS1QODM8E4RQ8VY8MK8EHSRUNG7OVS8EQ9O2V0U681LK1NJHS7CZ2AJ623FDAGSPSENAU6OWZ3471G419LSOH4MS1L3UZ4RIZ4P0B2QY0ZPF851ZRPHAA456E4SO440KYDCUM2SU50S904UJBUA9R8KCLUP4F8IBKVCEZNPRHXBBJXM2HSL5CUGV9MVO8RAQHE209GB8K8AV3OFEM5Z1VUP6QQ0Q80MIK1X4XRN3M7G34PK102WXQ322KXPF0U8AOCZ6FU,CLDO3TDOTI3D2QAY0F005U0J3ZLVA8A29ZIBIFLWWCI2NGNISJB830ET2RNIS8TIMU2P01B9UYF4KFDX3BU38H4G4LRUT4M8VA2FCOAWQDC0QNHNLOUCHEERCBMQIEZP5DX2ZITE9PKH23YHBJ2Q0I65YGJ81789H9KN7AETVIBDPE6M806SSDQUVFCITD6LTTJ8REBG2TDUGQUHR5Q25FIP71V0Z22J1CHJSR8AR7UKROYCJ21SRSTZNWPSQWXSO1K8XLBDSRD2NIPWJBFCYG9SHUE2I3VLFGGUTVTJVZITF3CD2T7OCDYI4EIQ2PXDBFKILE1F3C4N90W53LM3DMVL3GLASZPW6Q30OCYKGP2VLP8PAUI0J0B5KT5PLH6QYT95VPXH5NR8IA3A,D7T0V2X78JRL9R2NZLNF78GY9KCH8KMITA5N1P6XTAFI17SMNFLE3YQF4XT9CN0XGKM0D8MVQXJ2VFHDXFGSID4LJ5K1S8U8YZTWD4ZO5PQ8MVR970DR3LBX2B517WTWGCWQ0ENAZPWWZWIVP8OHRTNHLLNZ3X83T1MT5PYFKIU0YCEVIXJGUBL3J33H5TZDR8RY70LE3JUNWD6DUQSELFA8XRZERR1IBDF88L69N3Y0DEEN7KPM918GXVC4ZTTX9O3KN1DH4NMPWTAJLISY3FCK5XA2CKY7OL5E6Q88V9WFYKFLFZRWYKNBZOBDUDF8IUVOMETSCLZSBX1L28YRXZLI2G7NYYI2OE134ID9YJBYU6DTVH8T2801GIY1NYCD3U6XTETB1IYMYGB4,A1WC8JKQ3ZZOK59OJ97NY11XAH1N5RCU0F3L5IL5731FU4NK19XYQFHKC9J3AWGJGE27QO3OOXPPM913R4TZA1JCITEBDXA0ILX4FLVBWE6OJG4DYCL3Y6M61RKHZ7RF8P88JT4U0UFLBITX37JAP2539IINMW536XAFTSQUJ5WY2S51GKTBL6AOUPSM8ITVETFYX1XAHR0B1JU4BT1KUETYKYUJSX8NYRBG5P8XVEYIBZWSQKK04UIAO2BIVJADHRPNLATBQK7GXFML98GZGS8ZJ5DN93JPW7D98IPGC7TE00X7MPAL4FRJDR9RW46ENZLQQZY2KDPNC45RU2YT4B7BOYCXY2VH67V1YOMLR8IUYO87DVC3NTTAF7FN46K2HPQYH7081GGCDYGO,B997JTY2GOM4EX21698R6U6BTXNMXWZ76P59HAQSUXQQIV13XXDWUSBX4Z078FIVSCT1ELIRSKI04X6UDYXTPOLISHQHOLWNCX356UTLGAMKWBY4SK3KFH872Y9MU3RJ7VYYI6WTCOHRRCSGDC97JK1EFBUFPK0DKS8VHGVMS3899INQH8WMG1VVMRILK40CO02JOGP6G1AW07U0M6CAK083MYYCXVW189N2ZRNNH5WMQ8EGX56AAJU6O42S886KCU0YI8R30UUBBT710V8NO7JC66QPJGDZATV8N1SF82SUL6YH2GPSYRIV18DTDA5ZE6UG23YD7CB76JS1OGEM7QU2JF25QI9US7NBKPEEGWOKKAFPVIJJXZMEFYST9O327L1GTP5NJ2JGSZQA,Q59SE107UMPFN6C03HZUEEU8YZSQGHIC3KOLZPWK97F67VXN0P37N008DL5COFLKESVXIPJXSL6N66P2VU3EJ1UHWDUNX247S7HWHI5543CISLR8CRTVWDAYI69DLOZO4GXTMIEP5HJ8DJ6AKMYCTICY9OHMLPM8UFP1IX57TLMR7WTOCSU218BEMLII0M2FITZENTZUCLPC7SCWOOO9QYQY18YG4HHKTUF75OFMRZB58NB7VO3YEF1NNUGHZB5RHXDET02YCXXRPG168VF4GPSBHWG8MD8DXF8K03S4ICTEY6M21TY0C657PXJSOJLJ9V5G1055THPRCJDFS07XM5SLB8TRKXLK8OIEGVPBT9V5YWBC73ACPRJUTOGHDUG3LOZ7R31MC319DZN5,VRI2K8JCLQQJA253B8YJBO55HTRC9BDUV396INWYUSF9C4HT189VUU56WQWDJD5UV6XMUXWYJXHAGYNTGUW2GVWZTFAHACY6S1AHMOERETM6F9K4PFKDHAVWICB603A9FTHWL6WT0RU1RNL52CGI84IB8LGVBQ9UIPN73BCL41IETIAB42IBSCQ37S961T5Z5BAK44U001U5IRHQWH3R0WUYYVG0JC8XR22AYWKDD2DSXG0BZCAPX9TUD1L17XWBAKJFU2S5GKCENGMGVH82OTWEPEU58TIFDEJ6YUFHUWJNL14HQJDXUV57MBQTOPJI1VQY1IKZA5MZUPZLWYTF07FU7SU9CMUQRPMIRIZUSETNYO0C2WJSQE4UVT0RQGBHIIX2ESFBBP6ZAWIP,DJPGR7CYHXDJZGCPC8X15IQIP8BDZPEQWS9QFUY3372UBHGVLTP16S17AUZENF2AGY3KLX00PCY3BTJX4RMYLV94Z6IENAW1P7M2HAMEHDFS9JJRVOMDTOT8V30NBW20HO9U2V8J14DAWANLKARTJN0KBMN2TVMZOIYQTWN53EV45XIUMBEA1U4A4YZ79UJHF5UYHRUK08S3E70FYEVYGHDD1IXQVNTQD09CHF8ESE29KKLB0DAUJYB0GAU0JA4EZ007OFDL37IMY42A4XVGIGX0UEFWKOXGO22PROR5MVU6A0AF3BPBFEP0UQMHQSZVUJSBQB28FY8122XPRROQ2FA4UPTT8KR336XB2W9X820V3YVPZAKXMR35X8NCHLALVLG76A3XK16S14PW,JFEMWVVQ93B0XVBMZWOWP249X3LDSGN0OCWF6PC9NPZ8HZJ6C2TYKB90TQ8QRTBRG5Q4PJQBM1VWMWGYVF6F5XA707XKTC1OKJTKH0BIH25VIQNB9RYXGSLFZFOTODLOT6B484J5NLMEAJV75Z6W6L9VK7N0TQTAW2HR7E9R10004YIKJ7MLDSQIG97RMTJE7C87QTHXPLQKG3AC4ECIP0JGPWOV2CX0DVOS4UQP3Q0UES5H9ZEY12VK4QN59J9YRUYWA82M6UTLVX2QYWBH2LO39TIQKHC0G59815H88CBJRC3NCNGAN0CWZC9KPXYIZR656U2YS4QXOWZURZ1TQ07WF10I3VV1F7QQLBZIH2QYYHVKKN6EJ289K9EAK0NCQ7E61UWAH7V32FT8,OUUNL61UAUOUM7UXRHW0HAFSTTUVGADX4J4P6SRQL0SYLJB2SFH8WHTD0GT40I9VQ9JQN4W7USU1HFKT4ACERXZTIKHX353NAB1R9PN99UCJMCXPGS84JVLTILR5KVRLOZNEOB5SI1K80PZQ4AIP29UNM9BZEGHUKQZQ5A7IQG2TM81QYV1E4LSF200Q3RTJ8NRAQ47W0PKD4P799BTVI960ZZZM6Z45RXAFJKZR146LTSMX5RZTVW8CDTCIOPL13TBQMTL1U6RT6VDBLEXIWOPZJQ61D0BSRXVT4G878WP24UZLDUY0RFIVBN43S8R69WK9LGA7A5LCQTIZNB8Y0MU77I3DCCJX3W1SVFIO3DXWEV19VKR48JQSPQ0EZDNYN65EAOH0N7Y2I6H3
5IM7DB8G2ER2ZA9QVJUOY47TUW9XF4B99DQC8NYGSYZM3DA6A85010K6LDWWEA7KC37809QVE0NLAXVSLJ3E1K7IZGPNZ4YPCSCRPXE9JEDFDE4DDAOVA2JW19LAMROD97VEEA3N82LBAKZ0F3AJHWCV6DOK3UGDZ7K8Y4C0BWIB66TW8PNALSFL3BU5VAZPUAF45JY7QGW5VPPC7UM5AHP4SPYYBBZOJKDYMPG2WT0347JH9BAFD1Z9KCJ3S9MGV2JAKSPWBYA2D45AJVWAL2EAWSTAYDVD1RGXWN2K58PG1GZ8Y4LNDT94479DUPGDO22XOZKO76CREZOWFSHOA6323CO2QLDHRCC77FOUWKKQLRSKSLN173GLILEGD1280V80WC96SEKLGR9B,M0WYZI41BDJW1KDCFZYDK5MSKNGWM3SFU2QOV9FR09AB2O6TD8GBNQU1O2QY6E9TFVWT71N101SNPEOQDV1S01N7NZMULGUSUZKPDI74NRBG0OOEIYGDBXKO20X7619CFR4B3L8GFSP5Q3Y4KMWEUB41MZNQTNP6XHX7KHCLWX58KWNLBKQS2DDG8I0VLOE54LLTO6XUB7B9VQIFJWPG3UHVS492H0S58RGC48AFN3FXDLYS5KGQSEHVSLN267LGMSCV9Q4GPSZBDRYFJRTE6TLO8ABQJKX0XHPJTR2QGSNUCODQCHGMG8VDYK6I548UK28JUCTWULURLQ1ZLGJUUYAHR3K9L9RCCZTVKZMW7OGC0TA695UW5MJ9M7X1HEL7LTRY6AH36ZO90BYG,3EEHNZLY2G7WV7C25BC6MW01JNYCNAPW2F7CKDUFOF3Y4KATPF9L06U3916JB8E832TKFV78BT7KITTO1XM7EQZY08JVBUBAW35CGKGYN6H8LDKQML8UTB8SKILUALCGE8NOXFDP4I47HKVK0CD7VOM6WNNPDCCV5VIS40VIOS5W7AWBI1NB2XOWG2GFWNKP1TZH0OUNXJDIQJBXW4C3V5WNRIQERELNYIGE00A2YLSEHNVRGGURPENJUGX275WS0C5C7IV6Q7PYME7S3D0OVD0DD4X1UZR1R2BAP1UC77SARA4DT7W1P94BU0QKIUHYU5IW71AUIPQ06C3E2RHAKZFIG4J09RFYP84BXSTJXNZXWQ0WRR0CX1OJ6UNFCKP7CBC4U1G94XJNGV73,BX41KFNDUHLNOQAD17C23311W444D92K3ZABHPP5279TYCCDZ1M2XK2M4NHZ87ET2PWKKHXL3KVUNVUW2896SLXT3EDNWKBF6XT9CADQPR33R6CY7WZHUULVTAKNVUN2X8OADC4NGQZKR5JYT3XV7BBQ0B247K8K6H9SQ5VK8HP1QNJXNQ9ND119WLF6WMZ4Y9JLEMA3HMOA5ICKF05LNJ49FHE9AHOGLGPOJXDS01WPQEWG3NZPXPJ1W6K65SU4QC3EKZOVVOQE668ILFRM03UX116VJECU6VOO1LC7H3I6IEL3M7E9DQD3G6IBFGJF9G3H4ZSRM37YV35J57YOEEBRVF6ZC3127AS35YD91P7I08N3H55V8RNYJW5WCZ9GB4B2E2PPZ8SOZWX3,0Q13ESAIGL0TH3D03W0S6MK3B5A02IP212UVRMCE7AK5P7EIFJMCHBRDOJPDOK29XJUUTXE8R91PYZ89L56J70NBU2FYDJ32WYML7KHXS2LQZQY5ZGK1CP1KVQG4F9Y9YKW03X2OW6WJR6MUJPD70DQKP5Y91XCVM8SB49E5EHX6111VDTSKXUQB6OYOLHWNEW1PDFSVUUH13O98O3PBRQ8BNPO6JYQ0KQ40X9F0TCG6TT5BQQ498EPO7COB9KG85Q3HB9SLWDPOM8ATJWXT8VEON9P92W955EGRGQBG23P8JCVHVG1PU7V56F7E8SA7AAEUL6QCBQZQU760746VQ6UW48LBNH9M62OKQRDT33ZE9P4POSDR0CU6HHTRMQMDPTT58U3LHT74FM0I,ZTKAZFEX8OJNX1G9DAAQCCBZ07VOE111WF10UENK3NVBGQ82X9HIG48UPQGW36XZLN04NYC60G0Q96T9AUAPBIRU9ZJ6G4SJOSA9D3JI11RHSFQTCJZWHLA5034QILJQRO7SF672Z4KCR1CA8ODA31H5WZKVM0P4K60YVMYDNXTZNJHGIMHYS5LPX20C855JHHPI78H0YH5P8AREW407GRPWB2R4NM2KIF8B9WKVCM7QNUBBYPG0MAPY3JNXYJK04LM53878UDPUAK9PV3N8KJ3S2KDXFI8BXAK25P8621TQDAE3SHDA847FDFZLUODJG9H3EH452WFY80CJFPSAQ8QA4K690VS5P4ERKUTRTYKJ4WYVEVSHV1BKMC9T3097NLFTQTJC8YNY1RLG,VAIAVM3CMC6BEBQ3SAHF7HI2SAMH0J7QXAKDOYNID3XBVMY7ZZ8U6XBB8TF72JR0V7NE47PRSVAS4B3FXQH38DU5FGD2EIA8DZ2AYLC9QL33NFHTFF9C6VVU9YT1WWSPMLQEDX0Z0D0GT405HO8BIDB7NTNY0PYGDPJ0W584NEH0NXZ5NJ3331FQXKW7FBRPXHKG5BQWMF3R1SK7BSCSDUFG0BR1576PZLUUK5UM0PFDSW6PBXY4RCFNPHY7HC56VRQWW9NNJDMB1UWMEWTUWM38EXRSZ6FG9QNUIIKNB87KST3PM4DT4KQ12DLHNDC4P2SJ7AHIN0FSD46JLWOIV4G4K1F0Q1Q9L5BBWFOYKQ5I9MI85S34LEEW00LSYAJXLLHGZ6QL2VVU1VL8,HMG8284GNGTYEEA140HIRVBR4ZB0N6DJRR70NZYOB4MIXX7OLN6CXP8GCAB8W23IK6NBCM29D9EH3GR3C6E7YJVKO3YX0TPFM7WAZ3NWRM0H2ZTVN90WPD4906CUMP5FN6AAJU9J74V6XILGK4014DXRKZC1NXAV2WXKNGKBIUWJPM99N0LKM6OCECNP378Y14MUYARUX4Q6CCEWY5EIAP1SHHPU8GXGKGC566PMF55NVMNXHTFG549G7CWHYYPVU4PFNRMAZ5WW97KLYPHN8O8OLVN2IY4GL4HISLQOFP3WDTP16DK4OBKMFE1U3QCFC8YGNUVFQIH1RR9YOQK17XDUQTLGYQMPQ90RMQHQQN9BDHH6YGHWBUIULQDC7P1CRU7BJ5756SBE6J8W,EDZ5BGMY4EF4EZZP3E0AN4090YA596AO3YAWYO54UGD510T6BFZKD7Y7EFW1L6E0UE0EHV5V8A707M4Z6BWPB6Z4V6W3Q4Z3KJ0LZXHP8VMGGWUGWIU9MMRLF550M1SI2BQFNFV3BO5J2KOSCFX33P78VEMEYS63JEB0IARLITSYYIR41UHK6Q17LZ9XS73212QHPL5LFB9GNH4KX3FEYEQCGVX3VC71D8IR7QNWGRHNO5TNFUDT8YJ14ATUJBH4LVB9094ECHGON3MGH6JM1TJIK4GFQYX6Y87Z8BMBOGHKWVKNRJUG22UFFLV2HUMUBM1BDNMO9WB9FLZFK6DWNPAHKDV43Y8B2U4U0XY4RMEJ1K10CJS0USWRALBROM0F647N4Y9JGOIXPOWY,NA8A8YCFRU0LI7ECX7OUOZ8UB7KI53X99XCK2PI0N39TP8LOP5HYC5SAJK6NZSJCLEWUJJNGZX2MRNLCQVOXBHXFWORAGYO0TOX676YTUAK48XS8LB1MKVXRKOUZHDB7G0DDOX70XZSSJRJH2XRQL6Q5B7NVMAQHNJ8EQVKQCFBBJSQX6XZRLD4OU6HOQNYN7WGG9A18UL920CJ86ZPH1UMDXERZ7HHHUD0FGYB3XPVNF66SEV1W6VR52AGYAVKV1SQQBLL0JZ4N959TQQM0GAT053GKK3C509JMULLL8E29Z6KCK4CPNA1G6TXZ5DKO592FL255JQAXEXNS9077VMN6VQNHRXEPWSAO5RZ7CQHJNFDILV6Q7L60FRIS22BVIE7R6KYPN9OMSE3A
G9T5XBBISXVQ90XBVDLZ22FALPZZFA9FDKWP65T9W5SDAFVF047CTNTHYB53V88CZL1NA5A05NDAP7QAWG2KPIJSHNIC4D0Q498H42N2DACND5HOU9QCVMZL5PQMRFE5S3AHMARE58NE9IQC4DKFWGVP7S68KJ78ZHOW6TJ18X5HQQOQQ1DQT6DVKSOXRG9BS0RS4YEKY00OUMAIY9VQYQN8X3QFUG0BPZFPFG3B7R5AXVZ04ZHL4Y3VY5THZK51DQGYXFVFONHMVBEQHIO1GQMT494UYDY9STXOJ4X3VOIC6WZXIA7YIDT03EB8YRHYDD6OMK5FYRZWLAMFZ8WS9SCM9TUAZVL4J5ABNIOH8A9AXL5TMBPOCJVZV4MY1L9R0KVHPDKKIFL20OYR,C8EJRV908F5S3ZNP5BSJIGP2LQMXCO84Y3MUF5IC5HE6Z93HYQLFMRIIW7ZZW3OJWPA5JVTRLIFHFJLDIZZ9D5P6SVOC5AAI3P9GFJNOKUWW950U5D27R2YG6VE6B7VHF0SFOLA7QNVETBDNAEI6A5KURQHIKMLOATNDVMTN1YR5B3H83HN36XQMT8Q8AYWKJZRMYMBIUBWW3OSNKRB9GIPQW84DGG3RS90F09UHCSEE1KU036HLK46VXSVH703WF3FB9JDGQVX7LODUD5KMJBZ5OFWZ2F236V3OLA7FY5VI41CMDJJCAWRAZY1XE314DMPG39YKAN7MGJKHAIFD8RVDGKV9A6OE4N80PF1817T6EJLSSIG361ZNKT01K27JW8VYV20NIXFQOH48,FXKO1ZC2X57PEK2782O7PADZSEGZRIIBP4QY2UM3JNFTT1Z4L1B0QD75HXCISM564NI2Q3NWM3BMQUHYIVSY0UFZO2IWHSFQDLXLRQ09GBE71RAN7F2KQQSP8QMUN0GB2D7SEZJIXP1SAYLMG1GKMNR9UBOQ9SGF5VK2F5OLFDQ3W69A0N404QTRYMAVRTPADPAOP34MEML3WKY2JH0YM0MT6D88PABN6TF92FZQNJ3TZGLXIGT3MVNAUB4K8A2LHVLX5NIAO1WOBCXLGD01PO8806QILN2JXENOSDLIROPTWIL188V8C285ELM24Q679HF1HJYH0ZXTFDDZVK3AC45YNF8ECINIAWFZBODROW6ZCDODT6P88SXNLWX1NELOSYOCQJ4TP874G06M,7VH2LE8FJLX9C02UQ3BOS6HX3Q0AEI0U9IXLMP28341HA6TJZ8WXEZUPEWCRKYO2P6W5MYJPWGNRASP50SCIVXJ3OT6MJ6Y1Y237LXIV137B2CVTJ52O5T5UADZIY0AO874OEELFNITJ0387MR63YS1P75H0YIA17NGBZMY0ZTZ4V9SMDBWOX2717DY7H7EDF1B9DJ53Y481B3QW1EC0T0JURUFNPJU3ZZDP9O681ZBSNR3V5MVV2GHSF2IFWB7LJF9LRAMBO7AXSYC7XGM6G1UH0601EBBCVFLGGP6DFSSGI7OCEMMPQ4AWYNFEV03A4TMOP3PJMH0UIEHJL4P9TI3ZAMD0PY8NEBBZ44GX04668VSSBZL5YJ09KGKHHO8SIAND68HCWG9HWLEM,B0IDI915DSTJXL4FMOOEZCHLSXVY1HIEI73BKGJ09HFD43Z7IRTQOGRJ1JQQI9Z9FPB8PYU4YB99IFDX5IDAC1FAQNYJQFY0CS83OGGZ7N10M5VIHZERIY6NUHKRDYAJQQWW5WKRTIV8NS0W8III1ARETU85SHMD4Q6DR0DHGBRQCHGUSM6GVWQ7X6VKT33T5YDQ6P7T0FALD9FMSQ2XT3YXZJ8LHENZB2JC5UCCC6KKOXXO1N053FRRPW8OUYWCZA5Q6DPG3SD3TLBEV8U01H67ODPXUV9XQ878BLVVAVAKK4ATU837I1Z6PJ12U3TQFW0F5RNFWXPVRRALLVL0OG7PROTP5RHR6DAUPAAAJA1PD7VB36OKY1JANUXJSFLCDJ5F905YIPZNRRBF,8RY8EUQS9ZP2WMVKL57NNL5DV0IEMRN1POQF8KN3EIR97J2RS5THNZUYCF8VGH4L76ABQ8M7V0TDDAORIQQED9FXF3QHHNILILU1F8NGXQNAQL960VNCIES975UGEMFATKB5R2LC17O8O3362K0LP9LDGW9CI1JJGB8DSRBVIAG0IO81TRIYDCS94JCLDG4C0SLQWJHPZXY4PN8QZPZQM9YCDQU8DK3I4UXGSYL5ZSX50Y05BPBG8YUVQV07BJZ6FJLPR2UDT1C7604DNOMSAJLF5J6XT76AW002B8U9RGK8L7WFVKUVMN38J20JTT76AQ7YP8DYI5ACQO4O4YYXQXOCD9MM6HOA06LARH21138CMWU8ABBJ7FANKIVOE9Z2T42XN8RO63FS9GXZ,6XXCYTG5FIYOXSDRVIQ5B6HXNQCCDZRIDLN7O85ECR2CP8EGF2B9PU56NRMRKDCJ6M2U94ZG5CNXCAZXK5H49GR6ZCB23MDNPAFA5Y9IM0NFT0OL4R342DEXG724TDUZKLMG2R67PMV8F5QJHZ7OYFO41BJKUWK8LQT4EGCLNQ4WCIWM8UN1S4HI6UL80T9HG6K4LF4W5KKLR235H5J9Z4W4R8EE4JQ6ED6Y4H1YHN6KN9WV283GAKW1AMMQ4XHGB6CV0FRR5Y4UIX1JXZYTR6YCXKW3VHLGJ3IO7R48REGO0KNIRC8ITNK2HE0XA2227FNWAUAUR56ORFQAIXSQH90CL8K46MWF5VIBR622N5QRFWS234OT5GULD3UK3E5IOSCG8ET02D67CT7I,1VS9JQXCYJ7T2BEDKFZ5JQ3SICMHMX117XA9Q47G6FTRLZQEO9VH29STSXUFM7TII6DZLZP1TUMLGCYBK4HVF8PD4DPX7E35LLAOU5SUHCRCJRILJBUJAPZNX2CO78SZZ12T6GBB2ZGYKBUDVC5VSWE1OH0DA2PPBXSEY3AR90FMCCCC4ZJVMQYD43JIN0P4X66KECT9FNDRTJK7TJV30HHKHK3ZKOWMMGEFTDZT7PNGG7U5UAYT4X33WJO5V1GPT31E5G6RPEX22FYJOJRWPA01EXJE5M507R492GRHQ9HIYWE323ZD7AJ8HXWMY79YVVGPM30FN8DOH2BK6NCUZPQ9EM7ZXZTCG74D7TKWDZNP1ZXW8O41QGMT3WZ0PXEJ49KPI7VE6OGZALIH,IVMIPGEUQM4D5YEDDNLZ7UP6P1H67X35U25LW2FIMO4S6KN0H3QEJOX0VVPEXHPLN7EG59Z0UW5IU713K0XNJLBA1CVUCZP0B6FBR8UUIEGTG2IVVJZG66R59WG83307T4F524410Q3CBKZ4JO38P8CJF31EM4QA0LCYPRTUW1GATZ82OSGFM1ZKF9UXZTLL2XNPSI3RDX59REP5FC0SWHIVT7Z7K9IJFLHWO76G62NAVEL63RN54DP3GFC3MJZ522OOCG5Q528U8LULCIPC7MA5JGYUCCCJ2VXRXCANT3ANY39UOGG2A4GRF9PFJMD0K7WHKLYMI8HELL7UHCB9S4B94WTQX3NKATL8BY3LLYFK0ELGDNQ91R2JJSOUZ073EX18ML754D2XY9H4,2IZT0EB9X18XPZHBHY5RLWOT31FCB1CIP48JM2GY3V875XOEJANBGGX4WWNWNJWNCTKRSCWG7UM3V86PX4LM4D1941V9BPHH0PISGZLYKSN9DVN8DEIZLUHU4RJO15ZIC87R8NW3QM7Y7H824J7CGUHR64VZ4M1AYD56MQGHMVM1NXUL0BOB3TBE27IELWHGIMZ11DPUN4B2I79AVVZ18MVVTIEMSJVMOMVNWNPRBA7C85D78P6CGRRVI5EWVBMRYK7AP0HLGPG5ONAXPSIPDEE0CWAB6DOE2SXQ5WJIY8JWVKPSH4BP9XOMG4WKMCAWER27UT9C7P99BL1Y84XW4V19P0V76ZC1I616U1NFPYRYZOMX2AV9TPDWKDNNHUENT5571XTPINKF4NHI
RUU4V8T95Z1TLFRMO0KNHMCLR2E6JQ5AEMCH5L8CGZA6TL0YZC1AZDCZTR2W28XML3570HCX593X003V5LTAGQOE6FHD44AHMKGA21EKRVYBVFCXPI9KNLTO4CEVUCTDH9QBM8J95HEQ2KVM82XG3BL66GPU2L2P161S99AGK9I24JN347MTVMAI5MQ0Y808CXZQITB5YLKVVU5PWKSV5FJB9W4FU9C54TOL4UPL9VSARUD3TEX2BYKT56BFO745EKWINWFZ9386YUU0HLRSV65BPFUZ51JP6L7R82S3ESE2SS464ZLE6ZP8YMIM75GT37INA4H108BQRILH121ZETLXYB123OEVHYU3JFGLLXVHQU4KU46KF9FBD2Q4IXGSWIGZYB8EFXIXLSTT,JWKJGOLX7QDZQVV9KBKPTZOUE704J5WGS2L2JQKIIY8ZACDXMTP7OHX6XEJ0MMI7HJ5BBLLCMM9RQ8NQIRPP65XHI03S8NC9CEK12EO1BF84POFKGASTAK1PCVBMP4AXJMPSSDRO7ULBB3WXJUHWOHPXZ3TVV7AGZXXY0GGBEUY0NMR17ENRKWZ3004W9XDY4ZOG1ZZ5Z4LMM7T1NAWD7EHGGTQVVTVZIS85AXKIDBEYQ0KH4IC7WKW9RWQZ3GBMRGUZZULBSBM9891S69433ALHE4GAIK30ONJ096S2PKSFVFZCT0ZCDNV23HJHZ8TOARR7MQFK51LZUB4Q35N4G71028XVHMZMX4F0HYVS0UG8OHB953EFDNQUF353BXBZLUQ07VVVDR8ZTNGK,JHZE4AFQJAISQY41A0X79MA2VSCVO4AGMNYCEP0XZWA5CNRJD7TVK6IEK16RMQLSL2GJZE226IR168VIEKR5YHWVXAYJUQT0RJH5WPPFXBWAL0ODI8IEKLSCWJSL17NQ7NJ35CG2X4B1HUXLZMZQGUX8EOVZP1F2RPBDU69HY2Q2WBA5CUO5E1AZT7US5U8YH65KRQ8D9SX2SOO1WKAOQIFMGU642P4OW5ITYKDHZ0Y677JPNQD8SHLW8QJDNMJ5EQAW2HASNZ0YHNGV77LIR6AD4T97093HTT2DHKLBL0NKU66PYCQ8EVEUKO1MKIHZTMGGWHTKR2SE9OSQ0R5UA2IJKO85MW38GVUCL2PIV2AZIDPCXCQ089X3KE8RSGIDEWJSWXPSSGQFSENY,B0CXE8L9FQH46KVC6LTEHKFCGNPZ9C73IBWH19PFP4TPTSE5KYUPW0JR5Y2JL2I729GWGY5K68KJFPRLHCYFJ5A65M0ODHQCEIIDI53GWR24PXAK07O92KGCCQ7G7F3Q61U5UZ989YAOLIU67ZR8N6625F48OYE0PS26NKZ83YIPP4KMOUORPJIO006PFW2LDH6U5M8JI0SUYR6LWSYJ4XF7UJUEKJKZFMWGH8K4ZZ6UFQY350RJ43L7ATTUQB3BJQXTLOISCYBECGWRT4GH4RL2ROH86B8BHYBTUW9AYTOYII1ZL3C9NU1US9NVZ5SYZQ0EA3MBTQJDYOUTQZ8SUPHUPQXMVXUMDC0T9ARZYUNHBF9GLLVUG4QB8HZ3UJ1J1WRK48FOZI7Y8VTA,ZDHYQWBN6PUPI0WGU1VFATUSIQI5XGII7ZPTKXTZ1CTOUBDMPG4R76Z22LHD4800IXPWRU56YIDDIJCVOC30BVCWDQQXX1SOACRKPDJDQHTR26R4CYPJB6WID51ZT7PKOT2E8YSZORTTQ0ERU1ENNDXHW1V2708IN5NI8588AM8RHU2U437IKOEFL9WHS1VO3IDC9RX64MV5ACO8G8LCQHQ9YIDQTPARXB0IAGUC29ABJMVGMII27AU132VQV0YCU4UKDRVE9FRZGEI9RLL1M7B9NZ0DAQ39GJDVTVUOF0QE2U7WC1Q1VVF1D6UDRJTEJE3CTAML67DPSCF5CNBPGC6WH7TQUNWOACTFOHEHKOAUPHIRY7X4WXMYBWAQX2K3CW0MPUCBZ9PTNCWY,KW6479WTGAD34D3EMAW2BOFYBYMKHVRJECA1KP71MSVGR6JS6FZ320V66U8B3AKE76VPJAHDC63IGVJ8LE91ERAE8IQUNLBAAALPTVQDBDPO04HB9TDSYYT8G8RFCTM7GL3J0V2A25HYW4GPEXEOONYW6YCG71YUA58JQ4Y93NVA689XXEEX57AGYUWSVEWA0NP95DTDBHHSRH8A1I91CGDK2WGTOL321B51VKA54HTFO0AXDTTF4RK3JCZ9ALA7U9N3BW3VRC0CFOJY0HTS3LPSOORLIOBUBXOC5KI2QMP9M2PXP9XXH4CTVF29C6393MBPFE53A86R24R96MQJSFRYQQT6W1KK1D8PG5QOA7DTA6MNA3LXIJN2CUZPVVH54A0WZQS5TVCN5GOI,90WJ9UOVRZZPGWJMEQR0GN1R3ZVQMDTNRXHJ06D72I4QHS4SZCOWXOTB2DO12EKDT1546ANJD1XJ02JU6H5BM8W7S2YSX6N0ZQIOHW44182J5JP7CGRAG217CZ6HJQJNS4BF32LNQM8JY3FQGDDJUL3F67XUPCHE1I9578QYBSPKU8YMK8S84RZ6G6YAPC9T9SB43VJEI0XMOFDAZHVP5AQ0CX78WLDUKTHH56Q2QO9889RJHIW4U57TIGS28OTCXBTL3B9OVO1SJAGLA4AVYVDAGJE30PUV18HACU6SHZTT5GRPCNBDA1AR8FY575Q0WG5HFJNNOLJ05D287CDPRWM7ZCIOLIN8UJT1UEBKQ3I8TUANFNX8POLP75QUC1U1Q10Z4P89FFFTM3LQ,GUM49ZJO2FTK1D1Q445AAC3TVOVJBKX3NAMYHX1W057F5H8PJZWSU0U3UPK5BXSGZ3QWO5737M3V90SOBIS7RZ0VM3ZLPRFWG2NSOQEPJ54KOV7MVP1S2KBXRS5HYKPMMSF5ENNHDVQ8QVOZZ1M3H6VQDWBEJFMBZH7U7ZKKVX7E0MK2IVKQTLLXU7YUWO0842402MRMOZW4GSA6S8X55E7XPR078Q5YGHOXOFGXW8VY8JQ5TE8TOT7GBZYIEC7IJ8WPEIADICA4VKRK6YCKF4XQS7QDLP99S196664B9SG0UB7AYXXUOCZDW661YECAK05RY9X7KTTTQLHVFIM0640PY5J7DSH12XXJ52J4GJ57H1I6YB0XX48I3TQNE5QFUEWHKSR9Y4CCWN4O,RKTBAFMYBBUO02HJ7IRV9HGPVANK84V2X4QTQ8UJKE04MG0T6MY1LN99J9AMNINE3IXXRZH26GKHH0W6IS4NBR5L4I3ABQPBFYFZLUMER38SZQ1RJE8SW2IEIM5OR2TZT4TIYFILMTYHEI8UHM53RJMBMMPYZ3QRULDYQXDEUDTBDR35X4QK0FMJXLLJNXZP3VHVW7SM8MSCQXO38SUT7MGRAZY5DA6094WQMQHU1MWTQ2IN6YTXFGQS633KGKJR3XEFOWAHTSPHTWS66V36EHJB9NDZDKIT8ZF7KA2DQYGNNACUHOA1CHMAE1FBQGRYHAGZ2ABA9XEN4KH54WZTPXHEUWDKGWRRFNPOZGSS93ZVBCC9GDL0GXZUI1PUWL23WF2CFR0UEP2P9ORE,3PH7OWYC4RWX3RTAV82JBTOLCVDLRGB24F5TCRLPSUMU4UZDLSWEVVK1TKRPCHYMN1YGMDQ5OL1GBGB6VB82ST7DR4ANMJTC7JUIEIOU5CBILMU77I8ZM8UZXXLMAHH1FMVMSBE7CTJZNYWFQ9G8H0NWE7RRO9QJSLGAOA43WBC2EKBDXJJ5EZ4UZSN08SFDAWKA8EZ7B0XJWIZ3DRRU6EHCHV0JZ6E6BL49SC4B1M9SWVBKK0KCW5BPED8GZLLBX53BWHM5X9JNX8436S6GW4PB7UAR2P02LIH77T0W4U3CAP0SS1ISO42L34HUJFZWOCOH7LCITHCZBKC105LS8MSPCDQSKFXC7SJZ7R5IHOLQPWJNK8DPJ3UJB8KZLFX3Z22O7HTF8YVJGDTL
YXF49MTASOI2SK29YWD2ZX57IDJ5CTVF1QNGMDLLAISE4MLRD30RU2HVEGKK0MWQUX6H755YOQ0SEWUR5IDWVV2EPQHTE4V98DPLPVJX5GYW3FNY2MY6659ACK5ZJYERN3BQLGNRFZ8O5649NU7F069SWG7SG6TA78KMME9LRSEKXF0F7LW6XGC5NFFJ7L4EV5GBIGU90IVH4UBNKGA6H1PUCOV64M4ON8L8YVC1JQ0U3ZO6XOXNSTJCZ276BX8BW0TEWHEF24J8NUF46J4VOAFE88PFS6ILIUHNTPJXFBX8IR58OYDIXR2US4N34QTSSWWG7B8D3W0JOSIQWWHP67BGAA7QQLQ4M182FV5R27BCEPWWQU9ZLPEB1FGL3MDYD6GLYKGF2MQKRZKH,BYWMN4MSHPZ0KMU0MVZ3JF4TFP26SMSS7WIJ0TE8KEQSRIN5YMDEANY6CR239D1ED704F27XJ2N8MVFZQOAP88TVITTDFY6HLSNF1A7IKDV46H58GG8X2QAUVKXPGSP1B20BNNMIEXQRFGBHYKJFY0XRYXVD3LKZRHAEKEXIVQUPBLS5U0WIB3P4ACA1OTI13RS81J036VCNLEMG77NRLG9KOG2IXODK60CMV92TGGFOFNADLN8MS2ND6X2G44I6OK3VQT7ZOSYMY0L33YUNTNFX6N764WU064AO3VEQ8HRQ44ZLL5ZC52WY8ZPA86L774SWWWCIDIE667SQ72CK1V2XRLDEX7RJ74SIW0CC0XEUK69ZBAGGHV50KMWLP6ZX0SAEH5FCKUV3PLV6,BMO7JA6C2W7CLLM4XL1Q4BDAPQUE0JRK9LMMEB0F3GR58DN8G9NNSJRYB5GZ4T43UTQMKJIH79H0Z6GGMB9ZIT6PBCTY80HJ0I9855SLG1KQQYNMW4CVFNTJJCTYZ0WAYHVD3CKLI4PDNV4D4M0X6FJO7ZS84VZI0ZA1C2STZCZPPDSGFWTK03N2C4JADOZKIUOBP2S14E1KQH83KP2AWATVR8ZH9GS4WI5S4LHJ4G1SBIV1Q3G1686DL23BVE3W7ZC0HUG94TYN0GXLZC3CFWR46SW6IUPIN7Y6L1N7JFTBHBAPWPM3NGC0ARZ07JDP49S24BPA54A62MGHOVKT72OPAUA5PCOM3AYJTZYV4HTU485XNWKDENYATZTTIWWI1N04U2L186QGOYM5,8D2YL1CJN3WPDS5W34L91XM0KIXW714XW9IH5N760WR32Y1A3D9Z3OPMPRADJR0J8AEQO3L8B96B65A2H385SFWMDW397OAG24HP6AQ8SUBV3BWLXMR3XUS8TIX8CW8PLZFEHIF8Y5MOB6KQ6FZIYI3HLX10N29N96M8RGVZ1R3GPSAL6IWNWQY0JD02QB70038ZOYEV67Y98PXI5CWDBKXGNJ03PDTPEE4IQBASCV0U6E0YTJH2CYEAM2CGPNYIMFQCW7ASQQWA0AMGYSU48925SG7WGIMF0EXWWMKKWL9JSHLP5JPUZ18M5P8WZH56DUQWMBH6WQR7VKLR31BXETIPXI5IWBKRK0SPPHUOO2PY3BC4EPZDAMPCC0I2F5AZ39IEJ3PUVU0RIYY2,V75DF3O7NQXYRP1R3NFXAAP6UZ29RKS7W55Z6KB7VMGY844WNSO4QVMRFNJNES6S4YU5KNE0ZMJA5GE5HLEXQNPPECMPU97UUQ8RUJEP5BGDA5LLIKMHZ13MWZFHLAB59XZD08HP7R3CK8MSP1SXM301922E9TOKFOYU39IU80BC77H1VIBF2TAMI4HJ7THV0CTBN1Q87YW85JCYEZH9BMG7RB057VJYQSEHQO0J1FMP30Y77U4EWAYMNJ4D7X8BJRO7AIN46X05WLOIEZFFSDHY3Y7OSPTH49RORW601J72EMXKEBW38RTKY1Z40C2C1NCY0S3Y16HBRQBL6T80KZZ2KK5EO7Z4RLSMITVMCUSILKNH51S75PNZBPK56UIK855E7D2ML8EX95UF,VNW5T89AJO2JOCVOQNYQKCSSHW7UOFTHYVDSIVFBSWXVRPQ5DVEBLRLPXUZYLNVEPVWYD02LMHXY30CWPECLVL1W5J93UKMJ6AQJZRG02WV21U26Q7H6DCX474K2RTYLMQQY0AYDBCDPSW7VKR5G6S7R2WZJOSWOA4NNQ51Y8ZTEJ6OOXRXJ513Q635NXGFM15BHRWWH2K37NKS5G4XESC5Y5ESY266LSYMW5DNOVOW82305WY57FM55DZ7N1C05IZ4VY6JPKWTDI4S6IYX9YTH0OJQ7B8LPTI5H2E82JAAL49G3JVZYV14M2V3EANA3911QIH3CH6WIGJ04GI3AC4KVZOGCYEQZJ0IVIQDTSZNQ35THFL0V98DF6JND3FZS3TCKUU1JFJ3ITS5F,W43MFM7L9DYR6AD60660U53G262US6FC7OQQG4DFF5AHL1B28TK785YDI15JJGIV7HGQTVSRR6OIHMLSPVI6OI450FR879B5IXEWGQEM4T5IO65E3AL1V0R511H1E7YZ4EPA6UIKQC15W15Q0QEQ6HSAJNOW8ZCL40EYJNAB4BWD76C3G29KMATJHWAYSV8FXAZIGR17J91GS65JLI9AJLIQL6S61KLVER0COZRMW4NJZBSY1KHMH3VUID8DJQDS1YA7HQ1PUQ7Y39VFHN996OFK1BJ8NLQ7EP3OAH0FSOVIUWFEJRQY49QLGPANEXIFR6DFIZCHM2UNYFEPKBCNVE8D3HOOWGTHY2HB4JIMYJUGDCSPVGWB6SKDS1RASXYJBVB1OM0NKJ1NTVNQ,BILEEP7KAO945EBEW5JZ3WCEG9J6UQWPVXN7X4VXDQROLA3VC9NCX0M9GA0S1JKCQ348PAR120AHFHBP1HJ2Q5E9NULUEY648IYU3R5QYX98RZGZ53YH4475JZ9M9B9QIOUT1179ASDZ1FPZ3E93AJBW851WX4KFQHAQR4XPRRKH6MB6CRQNXE7CNXB4FN8M5M1K4T6HCO6C3XKI76YMGKQKZZYX6RDGLRLM3Q8S3950NT7UGSY6X5Y1CQVIQU9795XL5JFFEDGEP1HJ73N3B4DBQJGZME7EB3T710D32QZQJRS3L5Y26ITNEYWPEEVV822UICZ4OQRXPPNI9OSJDKHKPCWL03QA3X9WK2Q5OQ9NLJFKDFLCIK22QAXD910GRBCORY3UPBPO0J49,UY9JL9A68INP2X5EMRYKTMR959MBAXGRZPFUBLF62JEGSBMWLSB7CFSXV3Q50ZFU97MKE8T9368SLW5L9SBQLAEI7GB8XOHUGQ49JLQTWHQWLIUOUVQK89KS9EWPCGD1LWKPR9CTAN264A3VZDZLLZ3FDGRB4X61OFNIBP8FK00GBPJO9DAM4SI81D2YG6O4KQT8O7RQ1DYJI0VD1OWUWD0R37TQFZU8TB3DB4I8FK8IJDLM4JNY2MJD2F2T2JU1F3339BLIZ1FQOR4P56RBQCCRNXUZCXQEB3A3MEKQ95BWYC7YV1D623FWUHSFR6BFSVELZP7ZEF8DL2G15B91421FPHRUPUKRVY5OAEAQKFDQFF7HJ0P2U3XB79S2IO71EHBGWS5ORMCQTKZ8,1SFT2XKBYLPPIZ3R684QZHI3W7MQ411U003X0EBE8X4KHLPG5PGBNGHXLSNXKKZPY619Q3502BBC4776LV2KYEIH0ZSX3369OAI8CJKOIN11YKB2Q59QWYU3MF09CB3SFT8MIQDVT7N4GR081WBLX4REN6I55C0XJ3FCB5KUDYKJG4A07F8E2IC2YTUDW3BBIQ8V84434CS6LUI6G58VS9L14TEDYV7X0IVW1BTNXSH5U032XUZ4ENUBYZK1OQCF3D5OKUTFX0FZZB5CJUWNUTLQX493ADZFQVH5P9JP7Y1X7MC17U8YUVHPA5AHM2NHI9X6U40B1P3TNLB56F5DKJ214I77BJPFFVX2EGOM0RDGPQAQUHYGKYT6O96YQNKPPTYX5379198ASYB3
